w_mb,w_me,w_k,w_r,c_w_psi,c_w_q,c_w_m,c_w_b,auc
0.5417692339891743,0.17555137590082093,0.343439167964553,0.34868401452968195,0.08475961309888458,0.3902489406547024,0.25878749867672,0.28298314989970336,1.0
0.0896795428728821,0.18015437515822685,0.1483192096930325,0.4633824944243009,0.5794786080725981,0.329104645308332,0.15076082760129259,0.08180593984251967,1.0
0.3882093509110843,0.02552690244167013,0.3310524687970329,0.3158321995610324,0.6822789660768365,0.14181038725194736,0.33003732829426713,0.32152360367599114,1.0
0.5448684479516333,0.07785548314078704,0.18668840149081367,0.02190188289361439,0.13886054286079305,0.2732195812969819,0.25321913300865784,0.3483035036763156,1.0
0.22807775069670636,0.14818388241394756,0.18782232451032319,0.09473567954214285,0.11692935480192448,0.19028197049037351,0.0771491786773006,0.24113303808570372,1.0
0.30600634321063147,0.333071278423135,0.2801060408008997,0.15618332069102053,0.749033821255681,0.32190574299872077,0.13174264887025933,0.10379811741488787,1.0
0.4777468527824828,0.05590099344372393,0.07996328099004334,0.003681134875502756,0.7082319397519246,0.2659403426368129,0.23975622873295396,0.28106245116790846,1.0
0.32124104287683797,0.2274964783811575,0.05591879925106298,0.05726503676798672,0.6015626656114245,0.18843848245725303,0.19218027620360423,0.2753995886697692,1.0
0.44430282400041354,0.22143176026319833,0.22368286429816542,0.1519750490313061,0.027736051111145466,0.17468695569294496,0.07295878875863994,0.14707031174086901,1.0
0.5973821512877162,0.0935757943461363,0.02332109667562641,0.14069194601099827,0.26423438199001525,0.264766605890758,0.18939093179603464,0.28220335527830887,1.0
0.4650194782291712,0.16255474457602823,0.3256081538664139,0.08348645995385195,0.02044086582047443,0.036019144310256705,0.24560217920279312,0.16627580289049945,1.0
0.11289024532352125,0.20041791004134543,0.06092484108526737,0.348160187538868,0.40154064801662764,0.152408490438593,0.10251411031027803,0.22690173352279983,1.0
0.2532688273873733,0.0350599677264404,0.04720236084820613,0.48094883227475727,0.8177226216368464,0.2798828535242998,0.09039578689623666,0.3489034958451806,1.0
0.5451256327760562,0.28675607566359823,0.17974460085751548,0.1361207809225795,0.08675186593814936,0.3610409586175367,0.15496393854342777,0.0728508113262829,1.0
0.21416963690545673,0.2316878275767584,0.07070911317569269,0.42830714204618775,0.6826675768516891,0.2877851823803747,0.14691163352353528,0.22583118265287955,1.0
0.40886857823891487,0.259938640621928,0.033777728455955634,0.20790370108530482,0.03745275647570323,0.19759632769780758,0.11215281219314702,0.05202870799177688,1.0
0.07238207740578614,0.23505782887108484,0.06823718741475444,0.4625600591883986,0.5229550257303555,0.13874792181393483,0.2009112671036817,0.0082093935706911,1.0
0.6709914492690117,0.1929213747771601,0.31309409090011453,0.041364999961219284,0.43799249775434435,0.19628279774180837,0.3188609946914942,0.20582209885538713,1.0
0.33144258073986765,0.10679026523675744,0.1326275989370209,0.2603362012357689,0.39502031427454204,0.00864483195213217,0.2809392542260817,0.322617877862316,1.0
0.09817436229902754,0.22161445741561978,0.043430296454177425,0.33612004651990585,0.2531104054551075,0.2637690538767607,0.2471781688575401,0.2767130970903565,1.0
0.07541866216912758,0.3664047380550432,0.09208559635795233,0.01870627808808989,0.49936722245233506,0.1483689135449755,0.2821285126650205,0.29097052994314865,1.0
0.22199722497590071,0.38115975802789803,0.11636713525604746,0.25752856461585727,0.23036858151084247,0.37441742801958533,0.05596665797788617,0.016167822981238436,1.0
0.30456794200212656,0.39695022562233484,0.3566709065019656,0.3743040097284746,0.8017132417906724,0.3573786558791453,0.1764118425313927,0.11373445865908548,1.0
0.5404087024776916,0.26466450526710444,0.14946309154948403,0.047233334030757634,0.6721106502141234,0.10498420636914588,0.31851647118148496,0.0867494070020465,1.0
0.08593055268804022,0.3324450688499625,0.06131372664979762,0.08963415407886954,0.5394445123687591,0.3498248163349858,0.0667877863429549,0.11171652224403411,1.0
0.5441833867688243,0.38873057042438697,0.20029647448093693,0.07194875127562539,0.012542658937381391,0.0918624119995421,0.04481955404741716,0.24395712250062868,1.0
0.08528275323997178,0.2025319726482532,0.2777049742571546,0.2905583046104512,0.17979808649405185,0.3216498104729051,0.24323842406937257,0.26603424140959503,1.0
0.09174042609011927,0.049501521460137844,0.3710250204026031,0.19878909691247032,0.2708538226028458,0.19543361814061333,0.22537383233961805,0.34402437253690915,1.0
0.2005123588174385,0.3699233717248109,0.009943796554502527,0.27759902116341234,0.5705776005129766,0.04235896150030132,0.047715463001730296,0.15088115495386936,1.0
0.6763623385002272,0.23841702129374914,0.3732092886400845,0.40218045780648537,0.4206434413997624,0.313905379700875,0.006064506552175831,0.039291838835664575,1.0
0.5806000304179154,0.31872683533006474,0.09305629678657348,0.26538479529952674,0.5454142386300098,0.3470955815104045,0.20505643349516675,0.1485257649385249,1.0
0.2619288303850279,0.17035283454940398,0.26077241023198966,0.43374531587616244,0.4085071938686698,0.09913582518054326,0.0804652034191776,0.2685651408876407,1.0
0.5715981343967372,0.042111231941649986,0.026623542782071265,0.2972168318782259,0.13155591977342845,0.32986567618253654,0.10551378913418531,0.05179389586961135,1.0
0.6446793307412151,0.06621268909411127,0.11388803293517423,0.07680669759602932,0.10394105729881947,0.008459206534576014,0.01883443911584844,0.06287092953690697,1.0
0.03736735283902277,0.2364575264443885,0.27228581071980257,0.19681522841601412,0.28619198725684447,0.20181049480889204,0.29750168035976693,0.3064073856559941,1.0
0.03043254340895436,0.07259936383860964,0.09469794844175841,0.12469378791610591,0.5141093865684955,0.16650497028127692,0.016746400775381958,0.13450108984544576,1.0
0.366627064102346,0.04066876116148639,0.3333834215154239,0.025980933232552128,0.8323576821162559,0.039645256631950204,0.28681548354323594,0.32495513181394214,1.0
0.6856994764106148,0.3208103521094374,0.31179101630853157,0.32124163799777383,0.7010967191203161,0.05382088336525884,0.1822631322221967,0.1851202332685492,1.0
0.6003005008857902,0.18511974623740635,0.1540357984401414,0.31978163561855505,0.23981698575076146,0.05590736438158275,0.1624782731680736,0.1500801726941586,1.0
0.16279895837021158,0.14700472404605122,0.14655697993049896,0.16374778220627273,0.3415176717542361,0.27429733818237817,0.10093800135423701,0.34158885361752256,1.0
0.6414436136767245,0.19236417132003145,0.1313444820018755,0.26771739491500157,0.7637044398962621,0.26103493622404084,0.27349322150200633,0.19178001938366646,1.0
0.4430423404873345,0.1152622456729847,0.29395726492411633,0.10120229656285917,0.6253183159366484,0.34428762733035767,0.04491496468252494,0.22117670659509112,1.0
0.06656702376095422,0.2902862513085708,0.033797287529408096,0.467969911350313,0.12366713703402195,0.3835520983636322,0.2723006198689329,0.21372552160788746,1.0
0.5478368732406828,0.31804593559323435,0.37841082512693214,0.1266916769195936,0.5310683058224783,0.03801967902576049,0.20949633800820125,0.061664869473403966,1.0
0.3954654280307093,0.2289722056135399,0.18639406119249094,0.2613158877565614,0.6875310510059292,0.3196978866048267,0.1673320932956459,0.2158536389481404,1.0
0.6518653649830712,0.04789343540044913,0.04684142636004421,0.043854505955384204,0.5920769565364751,0.1674433203161518,0.2632692814882267,0.24164330879109333,1.0
0.2335464308297667,0.35934661894461434,0.30501285882826096,0.13526747045508786,0.32777281599484864,0.12577599208170517,0.05358796053249989,0.05320201411518899,1.0
0.6552892243630208,0.17516161487950133,0.15332792911096393,0.36484285433868896,0.49769375872760996,0.37445599473538493,0.26530250792919335,0.1725730430848345,1.0
0.26345163143657835,0.39465261796972884,0.2871040944014574,0.47559733000192056,0.10663071949533723,0.34021347167631305,0.2166051205570106,0.043891804200640525,1.0
0.41178059997845445,0.27443854604217954,0.004921074355441136,0.22715898092087328,0.7428595600766891,0.11814361013763595,0.1559063478115074,0.15923308574444153,1.0
0.2113491740097441,0.36737675820622173,0.3125176141726064,0.05529420549805525,0.8973311920538157,0.3516800097230981,0.09652886887377325,0.30128276867793774,1.0
0.074493672309968,0.3996418921896955,0.2662738944426148,0.3250625077793985,0.08139665428571947,0.3588133595586501,0.009859831089519605,0.08669810089481293,1.0
0.1001153126166445,0.31070717627688743,0.07928169088515916,0.45531911356544263,0.5906421353947412,0.014465084197878487,0.001846143603758157,0.01859685012518361,1.0
0.42414762435340936,0.3205927243437661,0.09542112825095539,0.4247044214615365,0.051508746137934346,0.32038554145667053,0.3154504462585754,0.27795902367757697,1.0
0.488684548785046,0.33519208746215323,0.016060519818826568,0.10089105535952769,0.11243131137507877,0.20181239607719462,0.25336396363180713,0.22680426404750353,1.0
0.5957917698333545,0.06208519697643636,0.29384843677406464,0.09652074543445205,0.24368287618602022,0.28396187891252156,0.33326962686555184,0.22015569815174504,1.0
0.038150220493906914,0.24652358797101315,0.01694022063206684,0.4420728556834086,0.6386204565905587,0.0692511385690013,0.031185141980227343,0.06607196239691483,1.0
0.6860190256879347,0.18342425698339593,0.3136323793365632,0.31820417105388843,0.5151718349627736,0.05805210186601988,0.3216483142097523,0.10848334770529845,1.0
0.4046120510652795,0.27991037783562644,0.25969326209812355,0.4702972048477592,0.1335950909280522,0.20334109537877684,0.13737169285186043,0.17070074261374252,1.0
0.08345226833842123,0.05363784394910614,0.11123021831250296,0.15235230188041565,0.385112892313215,0.2443950188146513,0.21577389992220944,0.1482519227708053,1.0
0.28614817660008796,0.0870514106787848,0.2353224993636033,0.15852045565861894,0.03245385084962733,0.16736001766274416,0.16120510953065792,0.08121343255351596,1.0
0.40072055318548094,0.22630876017276838,0.2808008724441486,0.323974241100605,0.5871897508689284,0.12648566072961726,0.26772695547522435,0.1976919780958846,1.0
0.3019927366259231,0.25040499237642283,0.14426293378010172,0.2563696223033791,0.6630351196339983,0.3545611546894831,0.3131594470803652,0.1813078530659157,1.0
0.36419258031839835,0.31994816430553463,0.12578027669768052,0.4186911811725343,0.4447274818656811,0.04634268973410736,0.02450011000480086,0.3031175559742067,1.0
0.03889754183481453,0.11224457445346236,0.13365201620061834,0.0864972225957969,0.2825040328217903,0.2970770266900343,0.004992166810424061,0.2977824328274471,1.0
0.5995836165021907,0.14890462927661927,0.061445159624253926,0.30042020397254043,0.1077053002784049,0.145967744431301,0.32586592150633065,0.35836721013010936,1.0
0.5404734239482099,0.12438460396830649,0.275066019666437,0.35270318274200635,0.34905752564728476,0.2563554538344638,0.0036473992917299227,0.07526075709680692,1.0
0.3675618120770828,0.06550052170331835,0.06636274715061345,0.41815214527511896,0.890219702415245,0.22238777121137937,0.2852837084997826,0.3565157991574581,1.0
0.09911712199814228,0.17929824530174043,0.15702908633676796,0.04002464182309251,0.67979715551527,0.17351161092903722,0.15957115762473645,0.05424227057276646,1.0
0.12664865656160768,0.36284144886248604,0.017859635589711553,0.11642614247185312,0.26285339728307555,0.19607901696063457,0.19939135882503062,0.17758439130623996,1.0
0.058880734189817416,0.09746698162228543,0.3374353539050165,0.31879435023922953,0.5842341451208469,0.268081302140542,0.2593870264734399,0.02091905341972104,1.0
0.25662586945282867,0.21581097410467148,0.1353825933189304,0.42223943664359326,0.43431525772856455,0.30745103578375166,0.2896852757395975,0.18172493384525928,1.0
0.6366865707099449,0.23484957621479224,0.34010971953348873,0.17029539779576214,0.4489352626783367,0.2125644164018311,0.035693103404664,0.14347890241255462,1.0
0.6421363707861732,0.252332896145897,0.071002632974787,0.16942781780480248,0.17244270869642986,0.009929252719429016,0.3153365558913691,0.16135463817247372,1.0
0.2152745506945503,0.23939087662309466,0.002925782517206255,0.13901105330040692,0.6327301191290033,0.2535079092277052,0.3338140221644621,0.22332877547689584,1.0
0.3342541115394129,0.3045730252736031,0.3613311487856212,0.3603479733591758,0.8668901011944417,0.3128020682952709,0.294712489009055,0.04107746562610939,1.0
0.5126894520956514,0.17603547981094747,0.2212415209645101,0.3270512047411784,0.8728336050350125,0.39383123257264985,0.0979976034658878,0.2641512590776498,1.0
0.524988476554688,0.1385971445252195,0.04954790994568841,0.02047348014285988,0.6996088147762607,0.19587989672676237,0.3350836576282749,0.16739044422971508,1.0
0.6845418853516881,0.16463040087762396,0.3174728602239891,0.04240963615591603,0.4999155391239875,0.32082391479428973,0.3143985668547622,0.2961299126222754,1.0
0.025879509040821955,0.1490809365226937,0.01947938892554051,0.054641145557279,0.6077750658007357,0.2853032785246793,0.263065032135553,0.3115643573000386,1.0
0.5176020279335569,0.32034863684265286,0.019585483929311698,0.11726757522064929,0.5597079960377213,0.3432501218499293,0.0015300424794841018,0.18526656316188592,1.0
0.474101179555078,0.011842915651445286,0.16054222302135518,0.4478174406918484,0.6044515279702729,0.09506334534423894,0.2899455840748503,0.12529131242742514,1.0
0.5973412698008416,0.11957746044756222,0.2361281003532596,0.19847003387391704,0.24734254567956032,0.3546230248687477,0.06378185185942706,0.03053217284487471,1.0
0.23934885698196223,0.28705565905662705,0.3229726423905127,0.4993716850333824,0.26672585131004845,0.16317678045251288,0.04651923453007294,0.20695389466429207,1.0
0.698306026084042,0.2803524040482634,0.2380851361653487,0.196184546460897,0.8237688842569993,0.1987666384521398,0.045684750526440915,0.13153624675168804,1.0
0.04701666819343683,0.08079161507551263,0.007067512399964882,0.2266399582500817,0.5710862384566174,0.1373169849515631,0.14292980231179422,0.3453153382240473,1.0
0.5263741851024408,0.2163426547779805,0.1138163500447301,0.4484983993864976,0.21158740519259353,0.13013709220667083,0.30908203690380254,0.19063513990262604,1.0
0.5196225645925836,0.23629791766550645,0.2613756836037981,0.14969164575741278,0.21723485546399662,0.1289969388674661,0.05285013178836364,0.3147531715046907,1.0
0.19827285327507985,0.22459575776575386,0.3167897700565496,0.3919120546878568,0.3945476327257736,0.19050292343469027,0.33819859463790847,0.24285509171244865,1.0
0.5702469101825178,0.36102158768769277,0.3150359344917357,0.09258967247678379,0.505953660363815,0.04075766292581795,0.22199352303175948,0.34392579414761193,1.0
0.3589124450100779,0.1731889971471069,0.014337100567265271,0.47988726116461017,0.09270241571714291,0.016431637321938777,0.08366264791167909,0.023590956210617672,1.0
0.3185824896882336,0.20643512050284496,0.12502797961143358,0.02548024128744303,0.10044033142430403,0.15380175119597125,0.020579673281022285,0.2513483012195688,1.0
0.14491437906736837,0.12082862751345541,0.157650310871239,0.20830481653457394,0.001494636907320479,0.04482814839947902,0.2933399516718986,0.0004439025042869282,1.0
0.35571714906901253,0.19580080260288324,0.13323766440425514,0.21566351007322482,0.702523023773926,0.3364814824859826,0.08851850476118502,0.11609655874838273,1.0
0.1697379971198329,0.19194536022042608,0.27330334306352516,0.11412643773171027,0.29766216784938,0.37215384703566023,0.016513558547965747,0.16587705788624382,1.0
0.49809062911774443,0.06018160462298963,0.018949608002192742,0.06910268581926537,0.8269408741776146,0.0037039127284493657,0.06402947143585963,0.011262064644592038,1.0
0.07744062729354229,0.2480597146513185,0.09665556349563431,0.2846060252153384,0.5311758444895136,0.33977413323591166,0.0016120735900371332,0.307213005363252,1.0
0.43338336049888176,0.06509739444198304,0.30917495525411365,0.42774577089529286,0.2288371353787416,0.36751747236107235,0.15451552630154367,0.21723280355999572,1.0
0.6892546735323505,0.14461443145567973,0.32526373832804517,0.15919955891422982,0.7192921700173419,0.240293567545057,0.0735609363766365,0.1490493937641251,1.0
0.22234494405449315,0.031243357232145552,0.011933908039878994,0.17323932770359046,0.01713073303573792,0.06619510303271002,0.2465623290892954,0.2549128448460916,1.0
0.5170062705201678,0.1268612684519915,0.35600778284707824,0.2969152740142238,0.11342370757196388,0.057487464582213654,0.23565244515609854,0.0622598171191481,1.0
0.3551048911074303,0.3967097903714843,0.0016030418933357994,0.008289900948778461,0.8937761237374559,0.2338555336536662,0.04314939167629447,0.3230287919114737,1.0
0.6162662100893845,0.2144801652445501,0.24871681194430262,0.13659359575043817,0.04546772673480464,0.23782704355634576,0.10021676568893943,0.2389035767977267,1.0
0.5853716237898209,0.007264217565745624,0.23828550987429098,0.11564026984342612,0.7864996481134213,0.1014658026247314,0.20766184530004222,0.19927470243226011,1.0
0.2773165500414742,0.27104830543991765,0.2903078538861736,0.2834688976596934,0.6825800134662787,0.39336683039717507,0.14255261188627374,0.1852498986787911,1.0
0.008728914558849265,0.3184114225241514,0.20809202681839756,0.2039807151802826,0.08466476678045623,0.3558625686701589,0.1343024616137892,0.24572937535531933,1.0
0.10456190945770553,0.384619851816413,0.07137670472873237,0.09977099644974519,0.7730845745019425,0.3650330976567725,0.07213011855792248,0.16912831974293804,1.0
0.5134464331939809,0.3513462935243207,0.15162107801492208,0.2585097434247146,0.6675447694677614,0.29245439066111817,0.2662064442088689,0.20517617471094948,1.0
0.07323056776334264,0.36158931635121605,0.3462290157284113,0.3990487179091665,0.08987622944465655,0.08175894683257168,0.25282412413660166,0.008330434049500717,1.0
0.6854572435950957,0.1508578721422723,0.28772501347632945,0.44378554424402167,0.35516689933507406,0.1276529954398664,0.2069719838254039,0.20915617454929825,1.0
0.28639798433735797,0.2407099023470834,0.3741525478265979,0.23382012831329824,0.1770679626755682,0.15088239315320157,0.13399637408166035,0.04719912948943915,1.0
0.11401005038818843,0.27382482935747093,0.1357911016835611,0.4774491959279038,0.21923707082274668,0.03956980204192893,0.2561915514200877,0.3171729786904332,1.0
0.19467934981004148,0.0808352406581912,0.07430645394843487,0.26100615068325617,0.42157497712209385,0.1037759359418137,0.015358859776404972,0.17333688251746104,1.0
0.6715326433449258,0.2610076803010653,0.1982026226514474,0.05534603701480806,0.22719266149462855,0.11790957982981709,0.26003320788645967,0.31561588701526294,1.0
0.6311492974965068,0.39382744330030167,0.392946673241813,0.4764995663839907,0.06463992645259595,0.05511741437112208,0.10351861900185119,0.1990433714632061,1.0
0.0678845220938355,0.338318783120857,0.24670247163092363,0.2711822011511025,0.14878019103056203,0.10130218976007895,0.05450608849396774,0.3066959368061275,1.0
0.4089595020428527,0.29405177100785335,0.1184131451640103,0.18562631854413858,0.3643694679838804,0.30400598869761397,0.26260001580935316,0.07445286990505141,1.0
0.6590771997166692,0.04826213497747456,0.3584488329694522,0.05019782282490465,0.23808583003617997,0.3385914144271828,0.06102730459766973,0.14888445527158914,1.0
0.31490150996088834,0.09810358920928386,0.2840980805343946,0.4256673247011019,0.7871176258700147,0.1357288582946244,0.18048913405785694,0.08942630539163453,1.0
0.17135755108510178,0.06450162514076965,0.3760076043230059,0.44399441430278996,0.6996228419949231,0.20706460851509162,0.16680669127403644,0.19070843982569927,1.0
0.3755976095039625,0.17382523387907614,0.05270193315682699,0.06283192643426799,0.857024744261115,0.19281230383454023,0.32408987846776427,0.05888767597563959,1.0
0.3880915864279535,0.0830869013406157,0.10127384245064062,0.015027289380589393,0.10705797966619018,0.3667393630516783,0.1093212171039928,0.21892651628925297,1.0
0.32550989239249106,0.16018049809811133,0.21275443653842727,0.09361947230767076,0.8897435086676189,0.32732314748154523,0.2521489751287152,0.1687533469250229,1.0
0.10701398548843517,0.36826634330942715,0.13655482695269106,0.025053344848466885,0.3081633091295658,0.31778281219835375,0.2117209732959908,0.27030189050814946,1.0
0.5555447687036642,0.08478184443221704,0.3695133264372721,0.2189948014601863,0.5751122843377482,0.0009235090346968012,0.33774528945980054,0.10112269894709584,1.0
0.04344417457810866,0.1833048166146056,0.0516120228728167,0.07616335507878785,0.5690545317271891,0.15717095662809333,0.31342983305269834,0.11489633805890521,1.0
0.5083260898687307,0.18443977206196305,0.26398052045171155,0.2998476783579952,0.42550557548309836,0.38002443784977485,0.116522638536685,0.06380478044973813,1.0
0.47466584261587974,0.3384030245231635,0.016101495975969504,0.22481634421134028,0.8032389207185937,0.299847447569147,0.33721462360919363,0.19130897217500775,1.0
0.46199700316080583,0.12099211245517126,0.37901423986639693,0.18316774427826815,0.6646596414179657,0.16125608164763278,0.19101843622141979,0.2591217126077566,1.0
0.35625390622594794,0.36283453076380345,0.1677203951711241,0.3235358990716626,0.3081261899700487,0.16326266729240524,0.14961703679940783,0.045290526592422685,1.0
0.06420657534130468,0.26699596925870317,0.2622070953372209,0.33145485710504763,0.017789800808422507,0.13061873706871197,0.06725534806812695,0.28013451211584445,1.0
0.602441280977291,0.09867215089045894,0.26713966353919455,0.06468140172913722,0.247637273041542,0.05546179849336781,0.09639706064373793,0.24290515704574003,1.0
0.6372288371296767,0.08100896316967439,0.2168316139802877,0.35069555062171615,0.8576302216370092,0.24402419315486956,0.08673635654930945,0.22517213648901704,1.0
0.2243438131746113,0.39045135627668315,0.15987045406545475,0.3427138603805071,0.020904824112082634,0.16002457845390217,0.297536588529654,0.2196818799959685,1.0
0.31076002047718343,0.3743749997742904,0.3415937504588917,0.16110783691146913,0.49009356183720565,0.1959297024369851,0.2149488500390532,0.12028005610515201,1.0
0.17094350053612176,0.36506873410221446,0.36954979979940256,0.4216614428809895,0.8803839876881052,0.2979966103118754,0.2599868577110799,0.2745324331065506,1.0
0.3364253416596145,0.18258087780570867,0.09609051045960126,0.32240959717964524,0.2603881224921011,0.10312336388094177,0.19922686719265864,0.14759365976101554,1.0
0.15319962615624252,0.3264224067011325,0.34422796771775044,0.08384975983889048,0.006756329519999882,0.1344519874117495,0.2711536841314559,0.3021025918443568,1.0
0.09683034908123445,0.3097343604732205,0.04628166692377178,0.1950312950782646,0.8987485635107243,0.07703632929236393,0.052347618076392995,0.15220811971684564,1.0
0.433767968178903,0.37316031296530133,0.3923284582132137,0.03482031829569732,0.1241977656131148,0.3162951895583976,0.09201493177209256,0.3185456614222898,1.0
0.4644172800603607,0.044737920952270874,0.3330117139696029,0.08817819000403793,0.3811458552116884,0.220873971423732,0.17026049068729462,0.24701864962145414,1.0
0.4568807144084786,0.39681680221122195,0.3997687636896752,0.25822970131782047,0.0856791782647776,0.29113731958748734,0.33206578659364033,0.11459749954644731,1.0
0.32284622008630165,0.16991076992618237,0.020567661822771744,0.3361322156117224,0.31800392556162105,0.3149855498526009,0.2829208255958753,0.29564308317522436,1.0
0.2916661986279161,0.12861827289635983,0.29952831186682194,0.4006947169213615,0.44213170175222954,0.35721240781452124,0.048928956666709815,0.3164647606772256,1.0
0.06726666308031688,0.06141020882184556,0.21353600530958416,0.03375924009370751,0.047526391260099325,0.00020749766628220813,0.14834766429604948,0.27886459726520274,1.0
0.024386845195940962,0.26090304258634217,0.3292509269664746,0.08400042428893556,0.13217736133926383,0.34432038944821447,0.2798623673830322,0.19401903585510727,1.0
0.5734399155057862,0.03710243096979791,0.15779260717550178,0.36889877805318644,0.23170676339156704,0.3009315657734211,0.17142072549287674,0.2700957556613639,1.0
0.3252757465001307,0.14716173608872704,0.08767568659145293,0.10418967071750751,0.6763417295142564,0.047564139213584204,0.029233999037721347,0.06346489140796685,1.0
0.1227425580177453,0.3292430491227599,0.15940264938968496,0.4951942286802412,0.12349013201155115,0.26141593027745735,0.1525680324484252,0.1414505436109466,1.0
0.6125589393378575,0.3902382583313599,0.3491435835096715,0.09615033951756652,0.19871812908804065,0.26242955163802534,0.09828841775698519,0.26450104708100874,1.0
0.3964944555667512,0.22036350739616117,0.33141876993551433,0.3552663858713389,0.02391998849756253,0.019783654858406274,0.20452987383504534,0.1750291472240192,1.0
0.18212925874009397,0.16746243492592067,0.30316412749314425,0.413305742328965,0.5051007611010397,0.1541477923428412,0.0920368989083364,0.18789064947693124,1.0
0.2203247329950667,0.22563805481888918,0.27066095300385506,0.03303960545969742,0.0009607185204725144,0.08491085553629718,0.30413390922438555,0.23266467476228128,1.0
0.120372246355916,0.35610558472944753,0.187982376114936,0.23804587833933033,0.8419877494583896,0.02379467687333601,0.0731606133737643,0.21087767705570007,1.0
0.13684055670740286,0.2718108036835831,0.08563691573468808,0.04957848529940717,0.18628664367675576,0.16909361370882492,0.05988702171884716,0.04848912897240503,1.0
0.6021973203532586,0.12815888143892315,0.14430347460730145,0.027635204750613818,0.32163266115184874,0.10592287092863187,0.20756492289620812,0.0739405071620664,1.0
0.6218558171439883,0.3718666483678221,0.03993242287071608,0.053701478144288606,0.10379379429988918,0.2478277025241248,0.04146944783127179,0.30685763445489583,1.0
0.5279900604565246,0.3279235432952097,0.21042421075440837,0.4983386057595767,0.03975759264974515,0.16050598567444535,0.11013846743879631,0.3415123795365508,1.0
0.403802670948315,0.3224763861778901,0.06813647746340755,0.48931707195021945,0.4487755921886837,0.19746883050825834,0.3301008077055509,0.1370636500381722,1.0
0.278267517188495,0.23390108112197466,0.051221044219114775,0.16054281320592745,0.17388749020061747,0.041313391642819844,0.29448916615254683,0.21215921980589136,1.0
0.25107095406953783,0.16346775094668514,0.17260760147494186,0.3165745910723547,0.834092452340094,0.37311184786279306,0.13310727304042555,0.11853448545519704,1.0
0.3157325501296785,0.22717369217139705,0.18472716457989932,0.32937670490835047,0.4989591210417873,0.12828621867763043,0.11754847395929509,0.13629340352150313,1.0
0.06624783777457208,0.06642505296558925,0.28924552085815447,0.19454835576104001,0.1930850753041293,0.22506896422994294,0.2568834444409653,0.0926720504443337,1.0
0.578752917346621,0.37100194385001983,0.2389578116295363,0.3344738294957898,0.04731839129074984,0.3782079564087626,0.1334448096500809,0.33260414419635476,1.0
0.40528426732516976,0.001847519537331044,0.015416799729374287,0.340209402834961,0.5064012124487398,0.010612974882429738,0.25277638681561104,0.3067723213449054,1.0
0.34749223770751575,0.186302976142902,0.002189243533850993,0.39332485624679964,0.2976444600714949,0.35150544791301586,0.12684059976973805,0.20342804782705398,1.0
0.18923925173952927,0.06423532503396748,0.3099631613525312,0.2482952394231408,0.48283913137702567,0.3861663813926942,0.32761717015553227,0.30803116381286527,1.0
0.1313265049355235,0.237709077720632,0.351258969862215,0.18723196822446886,0.09099554934202647,0.32438516089596875,0.16379960746313837,0.20318136492930428,1.0
0.687501007422491,0.24288457219762885,0.16999175426644056,0.1849921839235989,0.37585736338864106,0.047359633271467506,0.27021518986197446,0.3015780689473348,1.0
0.1990779942013862,0.12151864736397765,0.34973370253392533,0.011985177763977728,0.4684116993905049,0.18547028587260042,0.23464310165667635,0.058821012053803606,1.0
0.4678315185566076,0.1506936031499506,0.24748591126785682,0.02004750493638796,0.41555447746605845,0.20890035759294887,0.07287097697069546,0.05026451550448345,1.0
0.13193201210861097,0.13765643122533922,0.038724059721988585,0.4736598978648022,0.3644946553462356,0.3235878410026996,0.3313018218570079,0.02906470080098608,1.0
0.4561686275544958,0.3485636346964856,0.2536937735866913,0.21451306067870635,0.38796872187414444,0.014359554402943564,0.18176425543835362,0.35767547884326506,1.0
0.6710952681803538,0.016159691536865275,0.2823188014517953,0.1508824333484654,0.8126902380655231,0.018045898283711417,0.3181971946837674,0.3014912677635997,1.0
0.08225306757682105,0.023929734926919678,0.33388306573077436,0.07787883548728969,0.48140833767828345,0.36629794315148384,0.19293235860676994,0.14300398853021667,1.0
0.31151123839779454,0.02524686828154841,0.3875009285446396,0.1553270925405414,0.17042714250556845,0.11441892073615811,0.32788688626310286,0.03394297925568252,1.0
0.607112128350827,0.28313755776057914,0.3320076716636113,0.48794877018394817,0.7579391899651847,0.37735294051114115,0.043157987308912724,0.2864838834601092,1.0
0.3819729858567334,0.21739823803194427,0.3595686305282055,0.48590190932335564,0.6343544907388629,0.1931753557887136,0.15517731168662743,0.13908292460034544,1.0
0.25311932070086385,0.15660273667377256,0.03590129410047811,0.03871804263021911,0.7018828594850806,0.17842915716809046,0.316432726105171,0.2203995630938229,1.0
0.024623187529093826,0.0630093365269918,0.08232791720520304,0.4878680121948303,0.1968338035364714,0.20630227051522054,0.3183001567576667,0.35178938276916866,1.0
0.1654523047684812,0.019647057500016052,0.0614407330151034,0.031664239351279044,0.17561181698310277,0.22742788588149418,0.31023259074051823,0.19339879812996238,1.0
0.4381926896893565,0.08074690064381645,0.3202334482695401,0.3088944542527916,0.7777231462734524,0.37953724280231366,0.11828626375724138,0.032608461072758166,1.0
0.1581502705417477,0.17513662627033488,0.37827746072978935,0.18915491118670763,0.693695892298833,0.216190676868302,0.06215498194653203,0.11546428282324257,1.0
0.45723431951597304,0.2691413578739574,0.17390389872361847,0.11432280133105732,0.6497161015614087,0.06754921664508591,0.3184676952341431,0.06764528845313161,1.0
0.0751186539827643,0.19905908094615155,0.20781983924387762,0.2540964573891224,0.39300074040495553,0.39792595713184337,0.16533540830799784,0.17206076906633916,1.0
0.2952362439001929,0.026730301880585162,0.23718265245984643,0.11398388611159121,0.5738480822061449,0.020333384779390864,0.3336716144260206,0.16884182844456197,1.0
0.6277287601134889,0.19022446929317394,0.024132327429688696,0.41110677304690346,0.5833653567004209,0.3127028190295781,0.14557775359301695,0.22965722792879217,1.0
0.5993603026576252,0.252426177148755,0.13906945393436132,0.3312647971830999,0.6046687697526606,0.38423478500265,0.12611018932416754,0.15302943630508722,1.0
0.5684860728309414,0.2023049258970965,0.29462923724629325,0.22985473222679603,0.19394562763143042,0.2980815371124043,0.04459275752280138,0.07149011887127091,1.0
0.438777487948946,0.2989079200768279,0.357875154747126,0.13629324870794585,0.09965183274049892,0.38241866380905165,0.052503849927528434,0.07116011361167023,1.0
0.203930617490926,0.211756541610515,0.35313022641363123,0.38027301136493347,0.6373417984583716,0.07007222714240147,0.12161209471883125,0.17222577339120407,1.0
0.10319816743991009,0.10937188085066901,0.12333328158113771,0.06363809916451962,0.49521572271743186,0.2820112786096772,0.023776754702132814,0.1732043166347339,1.0
0.5475478366874564,0.2991960515809788,0.32602923848750165,0.22412031658530351,0.7385013743758747,0.0963012284857078,0.12267559088195522,0.06348800751040846,1.0
0.32723917760000026,0.15682400896617732,0.09637084656572488,0.3758903546153908,0.2824620949004819,0.1091217320583343,0.044502712489168324,0.15797581264870153,1.0
0.2120752401861114,0.14770913653638745,0.09439890504822107,0.3815777449099502,0.8370030126192456,0.19917274111555505,0.21861946393588308,0.3121820195784142,1.0
0.699180746133561,0.24540659389193287,0.3559117866159475,0.454304123277821,0.7123063390268601,0.1843725564292441,0.027592360144125767,0.005689999958448184,1.0
0.3340404432980472,0.1977258134138471,0.16294495514518892,0.28408367564568227,0.4969464329739844,0.3346452164130772,0.03694341510916922,0.08106395979799637,1.0
0.5551034852717412,0.3391347468894619,0.39792968544834717,0.4364560081935421,0.8009091063650979,0.12573917705196194,0.13656495556318798,0.09651063773539836,1.0
0.4244095787349009,0.3755221416828154,0.1378563546046471,0.2785008909407251,0.2666696674081366,0.067919989509083,0.06636308013834293,0.020860324033726778,1.0
0.6645054661064801,0.16115184340305186,0.33364835680084326,0.34066473634484556,0.17272904526997687,0.07018489863163513,0.2760759885135853,0.09529621582303345,1.0
0.639299628591383,0.056022161875796256,0.27108344578178784,0.40723693801546695,0.2117307495740805,0.11048294538262643,0.3279364212873286,0.09525513792461698,1.0
0.30096993493003343,0.17300623729694645,0.10121389997187343,0.38789554321854525,0.6946644089062397,0.15132720568951427,0.28394276896744947,0.07670697638364085,1.0
0.0030140429673750522,0.22846694482229643,0.39763110898095144,0.019322154913442302,0.18719826633761452,0.20756585699483368,0.275379850391256,0.03205512182701916,1.0
0.276664257631226,0.29883032025195455,0.14861728336254462,0.09441821023781949,0.1759462446569286,0.16401951476599771,0.163001805434003,0.31025319041376503,1.0
0.44957669299759545,0.2761607818062006,0.3931948686143628,0.20592172015048688,0.3630189629242155,0.3693387870903249,0.08359769958171993,0.262733488669032,1.0
0.5282011967526942,0.03911519897817724,0.18729256227743363,0.10028123566077701,0.1668377455222371,0.1855312441851505,0.0984061005527421,0.28658176114531353,1.0
0.6353234239733376,0.32108824211534626,0.1064123490486661,0.13706719684430418,0.22925551510572068,0.05401523842249443,0.32089144515526186,0.14473720733654497,1.0
0.1572826321821116,0.33866842020329746,0.15967812106311619,0.01755840555483329,0.14574741322466808,0.255700136142468,0.26618779321838615,0.07593637985593665,1.0
0.6421769124862995,0.3403988480208658,0.3393523016244324,0.11383057339960706,0.04548238978505194,0.3469694157930335,0.10397207777111292,0.2228098972224693,1.0
0.531976818590511,0.05131730340444807,0.3123353418076192,0.4692557294805329,0.6555374691717681,0.17648909939222324,0.298070567175579,0.18988474682612122,1.0
0.5213396494717278,0.32820237754344167,0.2997411446796024,0.14392743802407698,0.10605951081524798,0.09533541174482406,0.1709774785733201,0.1818996920255145,1.0
0.4078510445201763,0.15804073501915636,0.3147565525800111,0.4565768751736039,0.22205254813152414,0.29460928708075523,0.2305104298653152,0.18831257974055338,1.0
0.13197116371191214,0.31809290343308383,0.3842505142515331,0.3609181661168067,0.8260739969631606,0.39367410597919994,0.11969722924134099,0.2297604790534813,1.0
0.33175291634665455,0.39465149874529204,0.03752312960308997,0.2061874571486123,0.7879851400745126,0.11362052421060619,0.26784956921721675,0.13780193860089204,1.0
0.6859849779231108,0.35341193456948305,0.12052814306504614,0.38509655676892757,0.3031708894499418,0.24254513608621406,0.22388346125371927,0.29865434727085377,1.0
0.017115588617410415,0.08806315646091988,0.2847671242354315,0.28176161848476866,0.4460445703810288,0.022083982683192185,0.11841380037689513,0.3114360834878334,1.0
0.021624985925222526,0.15857449414592484,0.3780593150683091,0.025440367272507314,0.6747351759401731,0.1030450464728146,0.29464700293224866,0.2685844724253714,1.0
0.619993619600854,0.0863699161725064,0.212517101927442,0.38963497178740036,0.2211297686954829,0.09229852210688679,0.00924192538917891,0.3450655058311628,1.0
0.49701181603823635,0.25422414160407397,0.2975978890779964,0.2658064593477197,0.4285204389813693,0.17981289644940834,0.21774933211523806,0.07255259114125795,1.0
0.6216410865104087,0.3247009484877061,0.13982544458081356,0.2893046484062622,0.12692456995501317,0.38893849917343926,0.3069835137942964,0.33188310233971213,1.0
0.2325141333924161,0.0676538829531423,0.08470886538652414,0.04500069552254493,0.10809956709124591,0.02852181367393816,0.336539843529657,0.02666076601286649,1.0
0.09277945666598952,0.3309018382362946,0.23209608669717727,0.3872086022846662,0.5678208069953895,0.35287002813157925,0.21707895944001182,0.18796503344513432,1.0
0.49892478563290976,0.1789571007168438,0.13842552916189388,0.23382622622510624,0.1527426945887046,0.31862869192107657,0.08863928565422118,0.055271356681337085,1.0
0.17244656924825874,0.3368280607088959,0.13208051823909256,0.3430249347529501,0.7707686675901654,0.031097866770016847,0.2601082977605346,0.1107595678964508,1.0
0.15163565492882985,0.2755605809811889,0.3639186490932935,0.1475096043561977,0.5119504248458872,0.11593364553979663,0.18845709914698552,0.2238703310355626,1.0
0.42723477215312583,0.24941854785709838,0.05403191688700964,0.3467702347933598,0.607275320742201,0.2730352488867533,0.025183987931160154,0.16086198326909493,1.0
0.2863245924320108,0.03468459345727966,0.08894717115872429,0.22048131589901837,0.668615678872274,0.09482483079386528,0.28211496944246994,0.19648738286620682,1.0
0.5322951796292322,0.18902239333474286,0.19967769016888937,0.3098596946898201,0.8351735473492418,0.196725032565164,0.17974356295681895,0.2167189068699106,1.0
0.516260596108408,0.028740134194493727,0.20627497540878884,0.24079579460302175,0.8295164858138133,0.19740263217453646,0.15922898179607256,0.3463919958724927,1.0
0.31540352452061704,0.07235377212883613,0.08676644912231533,0.047593769168487066,0.0005113163330500048,0.17277826440019278,0.2615424776413953,0.2640479194079409,1.0
0.022504361461995137,0.22799316143761317,0.0617132501653904,0.47053814238234865,0.15062849967976136,0.2506556870789926,0.11092104313577932,0.23096207734716678,1.0
0.2885810175248526,0.3038572209225579,0.09227165013114313,0.45289592645713006,0.4501886843820169,0.3024372590851412,0.2889082650764172,0.35957829994372975,1.0
0.15676196591577074,0.11475696542538194,0.1001732346927553,0.13143566607989132,0.5242002673854397,0.3974090092583372,0.33669454961153655,0.18963836329043077,1.0
0.4473190471852716,0.3439882174806424,0.3731733833814021,0.10193031366477195,0.4756875560482076,0.3331348218646049,0.10308870605576116,0.15833125529296802,1.0
0.6899347710584055,0.3940186786883484,0.36244272430607266,0.3992241724140288,0.2422174506505252,0.128340029626875,0.1860761660096574,0.20187985484232437,1.0
0.35385197354994685,0.25466811196652245,0.16332920905319553,0.37458707865776647,0.3001949338305198,0.13227079877854103,0.04325682704322152,0.06793639561041093,1.0
0.5953646152449503,0.1785129354321766,0.09114711462113352,0.3796705500111937,0.4985830132351735,0.008462404569317395,0.10756289549448317,0.06372050800368277,1.0
0.4591110026879884,0.11001241625210115,0.025978711683977453,0.02746749459883463,0.5235545681628434,0.008689382281635849,0.2885893184662702,0.055942962932619224,1.0
0.42459643463680086,0.17787521120429828,0.17714060849276103,0.03589857118002293,0.7224770251909941,0.3572209939013011,0.0037456669106376776,0.06429750325096238,1.0
0.6327329321568351,0.21979744512002328,0.060015831299284055,0.10139522630457942,0.5939876198134028,0.2899267288987492,0.203805114917178,0.3431334167685093,1.0
0.3458445225632439,0.12010876485701068,0.1908931639903186,0.17983314683330548,0.2019743034072177,0.018385299736056026,0.11975224781214223,0.2561073651755072,1.0
0.012906462012635666,0.1756714052823739,0.2576037605799474,0.3052020545871536,0.6989835922998443,0.32420788626391905,0.2419799791125919,0.03700717061210979,1.0
0.3325157108030524,0.24136238299504345,0.09822641552378064,0.021275908823388257,0.20123128878844224,0.18195776069305555,0.1407363084785643,0.06360011327777819,1.0
0.577090879878445,0.37027466749468985,0.0805393276210861,0.46478645778361083,0.016074863257662744,0.3699849890827782,0.3236557886275087,0.004338670685733072,1.0
0.5341135077437236,0.3880806290279374,0.3623608875271114,0.4853550805981065,0.4952911551278754,0.03126245595415531,0.2889283272537123,0.22097817209124415,1.0
0.4303157209318023,0.1669014439434745,0.22873679060844365,0.07678988954305727,0.6657930239095353,0.030006922940616933,0.2481254607948893,0.30563223214494745,1.0
0.3307280742951417,0.20393214642281976,0.12488570916883131,0.4847292918627938,0.6598120271035908,0.147595421320138,0.05943451131922173,0.07904865319275288,1.0
0.32474560027703503,0.3770273601257352,0.2936585383043672,0.10762187408957491,0.7736050200770083,0.15128020920387245,0.28958554213585636,0.08701185527320714,1.0
0.4330624283554223,0.3706681952325128,0.10315760365911766,0.34646329529292746,0.8885813579614295,0.060239314897201406,0.030056778838229298,0.2427102692801338,1.0
0.23781516342432124,0.02849779094663645,0.19012224715344167,0.37688533982197786,0.2566101603736699,0.1340187510020539,0.28753779621997055,0.1872258884141357,1.0
0.5899123781645303,0.1785557968574838,0.38119006462404137,0.32539729485886837,0.10430897878732448,0.3540371952907203,0.16635016488247126,0.05099002847024579,1.0
0.1068830936889945,0.2750135740439487,0.018949002691795915,0.14329688245690664,0.1258088314228813,0.1764309718469137,0.14088028247808285,0.18787551648798811,1.0
0.19574543037177114,0.012817435751270879,0.2457544426140743,0.18685900144117568,0.5862014988660418,0.04346678832170739,0.004684300799977113,0.08938592923870539,1.0
0.3195831260958365,0.15762878966738691,0.3241210221093866,0.18891882209641198,0.477397061642771,0.2374062369768769,0.007422673159575946,0.18544801566462804,1.0
0.24138188157918647,0.16851205107330186,0.04011495939810011,0.3914102828243226,0.8481638257276702,0.008907528251840003,0.2044667393558583,0.2749838642238089,1.0
0.19936531205492258,0.3150222339452867,0.2529420203065205,0.464581316135535,0.8829043302183955,0.016938445599481922,0.15127883874918213,0.19691560352815854,1.0
0.10272026324535673,0.1345143321709447,0.3950589791025847,0.008115228171235722,0.40725713837194566,0.3370618486872785,0.11012642932455807,0.1727274609918552,1.0
0.6846320220515859,0.18995073459028156,0.05236852485859962,0.02586074583319553,0.8508749151959536,0.10632376531002628,0.17138172823194733,0.032652635792388696,1.0
0.29655858438542354,0.37204220770004964,0.20096519745237537,0.48556757590116395,0.2329520735136597,0.20181809588157487,0.2922404692151706,0.16137084763934775,1.0
0.19564116149913272,0.3421901453671527,0.1559557875490436,0.26536164553011704,0.878874359773631,0.07459331790234557,0.10247621648486314,0.011185056025142378,1.0
0.2742863969370369,0.08007337223394383,0.2720139741631566,0.09066072938292619,0.6073314771652827,0.10539017127572708,0.12077406360120793,0.1255898347367031,1.0
0.5017262251145266,0.18660370525533723,0.14451955954107323,0.42631135951972493,0.5147555630770825,0.08553232851119913,0.3060310345688521,0.12335410657211061,1.0
0.027285564276124274,0.19784008958978117,0.049575221776351125,0.11923322185787127,0.67239978541867,0.05230072535052743,0.2743610362803722,0.3372866237271433,1.0
0.4245724702855613,0.2841436768091317,0.28543464396296697,0.49640397863522245,0.3073844359814606,0.065142620497081,0.17651685987086932,0.19196993153941494,1.0
0.12453874180730112,0.24524376759765582,0.005649893390729588,0.4638342012271108,0.2381168500391355,0.015824083356076723,0.036804810101451396,0.08648962138067101,1.0
0.19173431802423163,0.013123999799091469,0.11174192487749167,0.09647086824674106,0.3407588346910667,0.15406709494238768,0.1152626318049789,0.11805259807105344,1.0
0.06281189441887586,0.010081978850464869,0.08084572006258664,0.37832471370830767,0.8917287889960099,0.37141047002293165,0.17143458088284136,0.1914565880800563,1.0
0.22020709832508978,0.30957577545506254,0.30590267517305947,0.4221361787912223,0.805954119477196,0.17373969929011832,0.2607376931564472,0.2903035423665163,1.0
0.2159217357484251,0.37169689760246,0.037736601055862184,0.4971345895816414,0.6930816463429825,0.0373083621297309,0.22311808035570022,0.012304587934173656,1.0
0.539130864610928,0.3196891686636221,0.24096410123657908,0.42843019595828524,0.08809495219337374,0.11036953681632529,0.140820357341508,0.01528486301811538,1.0
0.3137512612998163,0.1060853824450264,0.1570940048407012,0.21255131599615323,0.7914705601389166,0.10813638821105563,0.3038726637635325,0.1533495473326257,1.0
0.2294654044857902,0.20100481973405843,0.16709731454513588,0.12868615652757304,0.4524113923164602,0.06072069323153251,0.11965618062780849,0.2036844789746726,1.0
0.289385771072901,0.3295649444203186,0.1026887046140665,0.48488578941550503,0.7062498187662162,0.3870372103989889,0.2849664286423034,0.051157413306591355,1.0
0.3685220634445096,0.0679914084783143,0.32729094105090295,0.29208107459164795,0.2371043829212152,0.37183958880286855,0.039163258126848635,0.20299046524967304,1.0
0.5047283882667077,0.023539414932972715,0.23914241328248145,0.40795060773154707,0.06077458297624804,0.20489718844265084,0.08790944057057161,0.2386528025532915,1.0
0.08307415695519144,0.37482057226820276,0.35789143268589274,0.09298720993785459,0.2909392959285942,0.23505398986121723,0.24414119445564517,0.15935616545769296,1.0
0.10940392537268254,0.04166059752114864,0.39990613476573755,0.22767606072174362,0.7852785742336483,0.1929504018516458,0.3136015971056411,0.03159337779775821,1.0
0.07981343393418566,0.3718528750896897,0.378997218017914,0.15735872373268167,0.31964839829448466,0.1809800939339032,0.14149497122287888,0.06841627774545479,1.0
0.6288627687575622,0.1013230402822575,0.28210896379106065,0.03357783886748644,0.034876198375586524,0.26149218903076826,0.11526539157490853,0.23596538137920045,1.0
0.06581484151818125,0.37994055196634535,0.29940578675723817,0.4381336165128996,0.12282349864005983,0.12806438755714775,0.125237015830157,0.19338215339765466,1.0
0.20780793985519,0.02425229687576205,0.14755135229498828,0.12727465731364107,0.34732916231689337,0.0787838170480105,0.08904476735201007,0.22570284255561676,1.0
0.2717076842046455,0.13815335726779684,0.21356225308894916,0.3859302704219629,0.34098116071316154,0.23500779702233623,0.32850889262517996,0.18791284108249823,1.0
0.6368583035622811,0.3174690497025708,0.023487472660059884,0.21454943573462842,0.6284865670817293,0.39468476497927996,0.15584793899491428,0.0334027634856262,1.0
0.39340642229900746,0.05062551684958412,0.30060782411175735,0.25383849873088893,0.6510882315395579,0.3477447307514095,0.21384232583534424,0.22047815853114536,1.0
0.5281992068077419,0.336982000581067,0.3476215145108011,0.018215097841441652,0.5005712671180104,0.08650772391902058,0.29251760286580636,0.23342316667321,1.0
0.29415573532270667,0.07524169124854052,0.1356094503679306,0.35188884727011227,0.18392359069047493,0.0374331781353491,0.30192977779736735,0.27511572584884203,1.0
0.1398564514606928,0.11692461737199666,0.3888280708523543,0.3540922433795587,0.5494698037924423,0.12305139416965215,0.10170254901661757,0.014228502728482967,1.0
0.509937306831352,0.017270090022753815,0.0019429351109116145,0.3647475439304896,0.8539863814342128,0.3026012190909242,0.16035766481228875,0.1749762898419143,1.0
0.3052954958543737,0.12985746684413346,0.2086856856743361,0.21557547857055753,0.5383510920366973,0.35924803220043783,0.33830320189009555,0.02834758435785016,1.0
0.26927843086293896,0.07228247830672378,0.14084818957021347,0.1437365092742115,0.15708341846410948,0.3056304213685162,0.1687381725619402,0.33092840959820125,1.0
0.02281471027291014,0.02679120525279597,0.16130943317213764,0.04013866020201856,0.23645663677335016,0.39441189723064946,0.07104626654476878,0.07132238690835266,1.0
0.40154846815699635,0.1991993163172627,0.23217531888113793,0.18836763910427334,0.7440861239054524,0.05543222057698514,0.14565349958609833,0.24831426543987134,1.0
0.6077655081980298,0.1478286425427031,0.22709823963750111,0.03456997250363075,0.15328717930064606,0.027655264986445795,0.24747950327949747,0.10370158873997064,1.0
0.5066217031342864,0.026559311617309823,0.3450191201633302,0.4177650990555458,0.08003586874525438,0.009502602582874609,0.019138196413877002,0.3073068623328242,0.75
0.164292442336327,0.21930932714327547,0.1704976812720227,0.39776276311430103,0.44000847132360354,0.2002643362645079,0.33629125942996685,0.054046640429732555,1.0
0.581492757122152,0.020699898241553917,0.19105950782918832,0.44316741196651177,0.5986925690437092,0.27408584774645317,0.08952787596720509,0.15068692489012353,1.0
0.25660674444933534,0.2085772840631977,0.18489117205746727,0.16344917593849467,0.27493255113405307,0.10034115666204886,0.12411606394081787,0.053978932056261836,1.0
0.6104730114025017,0.24084775673337094,0.053514570237542185,0.3469296671045007,0.7628998211981759,0.09501426882090357,0.05120420207466973,0.0031022125681507396,1.0
0.03307523719953957,0.30490053932140465,0.39487453281667756,0.0224401612381383,0.6732638631719033,0.028744866336384026,0.20132516046724672,0.2721871016741656,1.0
0.25144307808741634,0.0043738884442654944,0.23807574085017036,0.4956223140700139,0.2318556805546462,0.07579651087488633,0.04213480353619509,0.1998920231640202,1.0
0.4175115695521913,0.31690833486816095,0.3012293094482039,0.4462707473975436,0.7251954285080713,0.09890683323177779,0.1889983176577588,0.10706830527368878,1.0
0.2308497656860517,0.37277774769199856,0.2727583620268294,0.4872952066255529,0.3752212830468701,0.21497502934159063,0.16561924277158338,0.03862334070854169,1.0
0.16569139616862233,0.21105454424179287,0.026949722053202497,0.46573096465444463,0.11145931374903373,0.07919229856676285,0.26020921613913645,0.034896435044152935,1.0
0.6301946697307865,0.29028038828901426,0.027448342843543562,0.34592353064282644,0.5684656879541861,0.3029397730959675,0.2815872698463742,0.2586062027423358,1.0
0.4103234066896803,0.12898532743271107,0.27890946473197165,0.47848579231538974,0.5287696024759868,0.26573794737370154,0.14862353434793227,0.2722034915075068,1.0
0.6983671746370451,0.06415572962709444,0.08096211180150492,0.26971887933219474,0.43323785753549243,0.22862791380268754,0.016685176226252835,0.1455395242789616,1.0
0.40808478344589255,0.2340765405219851,0.26293358470734945,0.3601080145013319,0.5773924830067709,0.31609726215577405,0.21241861579276117,0.1935027585133936,1.0
0.4243375002214676,0.04047734670133294,0.109262616290208,0.2636998903290656,0.7856884938615364,0.27162062251519725,0.03073874668044518,0.21321898215998555,1.0
0.15521659134596927,0.2936066239154892,0.33097634100349893,0.2967281362949867,0.5322263487765387,0.13543657728432562,0.15172500719484522,0.31107900737352434,1.0
0.5063242316770096,0.20790146387833724,0.1472929544993484,0.025189869144277177,0.1287066611937466,0.07721007581574826,0.1269504047079494,0.33989171294745885,1.0
0.35360737640112405,0.09393606530369243,0.04230005498460563,0.16915276230148202,0.7341575719959512,0.1533371173642032,0.2626519740476206,0.28897379140567636,1.0
0.07757453878909289,0.2434639010507135,0.38363842534844433,0.20106903745177696,0.04584968010272005,0.36932107610315146,0.30044653573464425,0.18797092099524065,1.0
0.3865771842408067,0.08469644111044997,0.3277803022178549,0.2493000191960632,0.03049001562830086,0.2732059825795991,0.3231687317329201,0.2984941765244701,1.0
0.19403869814737784,0.02133003397333626,0.37614056501527227,0.4685313624398507,0.4791737877415824,0.25692696466861403,0.15728402064167482,0.15111553215555312,1.0
0.08361390515009025,0.03870115934443841,0.093092858670475,0.41832037320327214,0.131249070662112,0.09067946076588429,0.18652878016955057,0.07744723850817878,1.0
0.11424467930245095,0.22532649667918492,0.1472373083986462,0.3130796429202346,0.8209848063678087,0.06039725257402706,0.31056744433644173,0.3248963882722507,1.0
0.5803613083351319,0.25251436692243406,0.24805866298621898,0.3196063299682508,0.6214459960960318,0.0065928802384628065,0.3257514769146209,0.2108173541276087,1.0
0.5470260875816951,0.15091273562454527,0.004958885566318383,0.254867329938222,0.45647110738433605,0.1747957153245807,0.11550379841510611,0.08993739161149993,1.0
0.36928141214802795,0.15011125587739765,0.3879727532199235,0.08646365388346572,0.28769901086437827,0.11758418836982841,0.1847251199202254,0.17974089251069325,1.0
0.4506183257969911,0.3800007082296832,0.11408843419754695,0.34638578462749825,0.022536182704665255,0.10495538909344981,0.15766470751884157,0.011158123853208406,1.0
0.4323686223875472,0.2713242433606833,0.2986926859352187,0.25828725242150613,0.543550198480764,0.1584261005113949,0.014026031052231264,0.03598266807882469,1.0
0.45849714694102484,0.39822211983431055,0.0063212956653184715,0.2787917484131914,0.675907877594302,0.3307099312055515,0.18536966641569763,0.22316975286627783,1.0
0.48770746169218737,0.3435864998773723,0.048915814881127465,0.4630910981374317,0.023415663196413007,0.33447990038311015,0.02609174503029707,0.07006615617777201,1.0
0.002725902466792829,0.17810268221441627,0.1337436906869569,0.08299645574351366,0.40598114472351565,0.16094835326887355,0.26100475111757215,0.3215269101852117,1.0
0.45679707623695726,0.04976415549060956,0.11815631788394027,0.4566591484161399,0.07986104370710025,0.1627423357563306,0.32045157053938367,0.34223934292901487,1.0
0.28784222393422465,0.26695875523951895,0.1826982393415996,0.37673026971817086,0.02842319762369866,0.05766285956854338,0.20882759320482375,0.08371881447950288,1.0
0.46623660948840395,0.14048917098451935,0.3546582232511286,0.4096296927799932,0.443554020061904,0.30915803483794313,0.09218688131993073,0.17793351965227053,1.0
0.1382374363042947,0.3443544674083976,0.32922704662736596,0.4510748342045006,0.7897292831018335,0.38383850482379794,0.07763431875485483,0.33545674468631353,1.0
0.3998492339463983,0.16899803356726087,0.22414955838714923,0.17130117832513891,0.2596977062648569,0.09652573519101151,0.02802551641542312,0.17876336297298748,1.0
0.6214331729997211,0.2520607877097539,0.2083902531023094,0.21429645912545825,0.41796146368547277,0.08371093902878038,0.2797981982456531,0.07141786678135009,1.0
0.5016359297091191,0.30399400459846104,0.2299476168110937,0.43146318747741425,0.26194531720558506,0.3526468884971453,0.24799955626376344,0.28754993799423384,1.0
0.4652057966691199,0.33853720679598776,0.3972395450870544,0.21008142726231932,0.7325241153386133,0.2978319038072134,0.15397585634208613,0.33370163990370433,1.0
0.2760981507008163,0.22618636651049503,0.042376942796384626,0.11288759703313311,0.7566265534803847,0.15862108913153894,0.1339885904011878,0.08855316654862329,1.0
0.34412723400821804,0.322326784540249,0.35806564710949584,0.03505721602209194,0.5173386581161039,0.18690934715693383,0.20885582916033665,0.1610192472869769,1.0
0.27905137459739054,0.18875228497179575,0.23279965150256565,0.2504916055158884,0.42493000591858154,0.32713412398323233,0.25352031702087163,0.12289625790522941,1.0
0.5604039822607243,0.3414602676018001,0.0613968821496762,0.2913412308653794,0.2567807942392924,0.295668928770689,0.08118701198195231,0.24170526870229145,1.0
0.17858725924034372,0.20445750537197727,0.37945858716647685,0.19065376922821725,0.7881646373668869,0.39477783248155784,0.2974492885937555,0.05971177070040343,1.0
0.5737607536746141,0.012859758040224501,0.15732075347972316,0.4353666866589319,0.6198769914839278,0.21309617093515124,0.131873768528091,0.29242690072930294,1.0
0.4966908827637546,0.18736212784626935,0.35699373488386393,0.1149740089093162,0.15335235824276242,0.2571215057334326,0.33047807651860195,0.0890123663904373,1.0
0.17476926525367853,0.05579953918487597,0.3442254221094529,0.11319877020566704,0.45286067405239905,0.39634899120088185,0.0041279063134948115,0.20033499258388587,1.0
0.358602329893462,0.3229789505640619,0.1421126158211108,0.20517067944952078,0.1511441825389773,0.2963260926543147,0.2668010291239704,0.04919879548037889,1.0
0.2754199517918252,0.3571619981450732,0.0010829094703148634,0.14937953531131615,0.49953805654729294,0.13363754386398133,0.0924953643204076,0.16561349456515653,1.0
0.1270661756767856,0.21185009638379354,0.2826783685252904,0.2876474763142511,0.08379839777267782,0.3377634456662293,0.05949246474574599,0.2753323202200063,1.0
0.2523955775430953,0.31310453922244097,0.08250916136213832,0.0933310518477149,0.44732326159573405,0.013174405879344198,0.07660109518599335,0.26064441078636535,1.0
0.5861684348137978,0.03231414557512418,0.35283108377524175,0.3987586020265895,0.7827158661362689,0.27937142183153596,0.22921204287994804,0.18903356400415097,1.0
0.4569510571439205,0.3676438658266421,0.04020880056668337,0.1578822389230456,0.06520947623628465,0.3779220687776154,0.15139025843979192,0.24312400944342782,1.0
0.588784045153025,0.39640009923059544,0.0647129831169063,0.39975630285911434,0.7986806083230628,0.01955015074035025,0.256390790463095,0.12770111563075812,1.0
0.4540177540293024,0.20561927841554592,0.10389690083465478,0.06761068100199302,0.10525250978028747,0.041329143083396684,0.21684861364575644,0.1265079065038337,1.0
0.1516434067441107,0.27675403708236124,0.2747398263065867,0.26958414617849885,0.8414620351792658,0.15416569257656854,0.28419341023155964,0.02705018685559067,1.0
0.5178817658269531,0.395378965532772,0.33863928651512676,0.2898323596550297,0.5640894578944446,0.14131581977477872,0.23102497420775536,0.27734233794527774,1.0
0.6987599367824977,0.1969851668001732,0.02452162630937691,0.2979289753654926,0.10712173498395174,0.09790601742244404,0.11178516984395068,0.2631707543334278,1.0
0.12866568671495038,0.06630117873694101,0.017985696999530988,0.43661996817694043,0.6241548819204547,0.015978586247050598,0.009619383916958957,0.20112274673102018,1.0
0.1977740809006977,0.23869054017277153,0.17384167027238615,0.4616562811551273,0.25902811346523114,0.27165814737555743,0.018378465950323726,0.34410979230801314,1.0
0.6865302275358465,0.29562985160656496,0.18608498862542927,0.10999671966363067,0.7312647062231683,0.2945416388588089,0.07546437345072268,0.16243750589661565,1.0
0.3239592564717495,0.3305642199890837,0.27353787373363064,0.32158377177002756,0.5848446803069506,0.10818803175299158,0.12638182834204156,0.01643842275721421,1.0
0.5508587950684866,0.17319928606792556,0.17529534283502943,0.12267813246681336,0.18848455331348601,0.23512877182761172,0.07906802516924977,0.023115186563567185,1.0
0.5372551911866288,0.1505877737625464,0.1520942335597218,0.21565914075789566,0.7335403410672845,0.12833475837592687,0.25773231182766426,0.33823614268063557,1.0
0.46260773714735953,0.17267243247080988,0.2991158892586659,0.22894868487569275,0.3729845439973267,0.2101132654290733,0.1080255938351599,0.037530077860800426,1.0
0.2903964038683156,0.049542752451720774,0.1641765894221787,0.27846686060672515,0.8376400630850821,0.014488932418121436,0.21129585821066105,0.16478466719402782,1.0
0.014182789742897417,0.09981927037548816,0.047394100941920626,0.10839707286572237,0.24711321911482637,0.16052253415287854,0.17987339378622272,0.00035639781349899646,1.0
0.11330855244011855,0.03742655424352028,0.2198693597050975,0.1645374352006349,0.4935579624312463,0.08872932086987113,0.008237980389778854,0.33889208445728886,1.0
0.07581568483229581,0.05074349918468673,0.0586187306040562,0.49063826199663635,0.5558942161529965,0.24411598068154025,0.3354773885163001,0.031837956938875714,1.0
0.6821506247796023,0.08160525862161637,0.24922860142481418,0.21004178265139584,0.3455566321294604,0.37249733139178504,0.050737427669687196,0.3589448439874477,1.0
0.26538754276408394,0.2595099615554218,0.38716269259334407,0.02880052518948739,0.8305779266326715,0.22712455414173732,0.2394949388523338,0.0537063061990854,1.0
0.37337120158172254,0.2694054858900975,0.18249892295507275,0.07749258905302836,0.21970716757701897,0.3417571163973994,0.011720137563139346,0.25519034823869247,1.0
0.6995730255601688,0.0029931984427066464,0.06441827312797598,0.33707215044656724,0.05399175112681344,0.23591599354234358,0.2325600352107591,0.21173268532106526,1.0
0.25562929211474705,0.2789129183946556,0.2377177712055282,0.10381858604695987,0.5068219892265988,0.352762886855571,0.226723317134753,0.16984494266178496,1.0
0.2251088720086158,0.03435448377502914,0.09785085310361148,0.005593376543438444,0.887963325772468,0.08899290085149598,0.27705782051302674,0.060712157449792296,1.0
0.19852080472390174,0.1673109276913467,0.12976226565664203,0.39917540637993054,0.8619240672138808,0.35011779346033944,0.05221647476223723,0.2796079234857445,1.0
0.103562839313298,0.36535244262484057,0.20715143026743138,0.16819054402835337,0.14132294760077352,0.0047236352716018455,0.08430197716470082,0.3290472227812723,1.0
0.5580835345905593,0.38791748310028784,0.04030460844854922,0.29608937175283473,0.23143542662769898,0.21717668230896298,0.10895466109157476,0.1020475980876087,1.0
0.4016917114172182,0.07332726474781613,0.18765337478884675,0.3254061325220174,0.11536386586452366,0.37223770835076164,0.17194639781440244,0.29503006987836317,1.0
0.4577338014347443,0.2840003764890182,0.2864523763971352,0.4375499485307363,0.5522448915422317,0.11128686068855585,0.033833278574255436,0.2182502230020509,1.0
0.04644696263940674,0.09651738067581209,0.024282873840764687,0.27444379450328354,0.14430431244858125,0.24416292777338933,0.268894144493511,0.29587705947787046,1.0
0.2166804556963392,0.21958181307779842,0.2252043040345436,0.2364435910770833,0.5896025022822884,0.08403484952941342,0.33294270145951005,0.03530873775273568,1.0
0.5804547988421834,0.23763839478047513,0.09794189887748637,0.3728375003301499,0.07603280610936476,0.30976713377951326,0.20059497556262462,0.039870114622704574,1.0
0.05565389416465915,0.30033453337458504,0.11717436260153487,0.44465092538360673,0.6858657189271584,0.27927609788708646,0.09472605789537333,0.25522002684778244,1.0
0.6637033791603838,0.03662393374822757,0.13046505680142642,0.11733613273079707,0.3539251209606,0.2969330619415786,0.16124247768463143,0.20546301820328866,1.0
0.21990842165483962,0.056515706834840224,0.10677345957509142,0.4298401506209935,0.5421752659380694,0.1511954692788935,0.2685680337900998,0.02320467568376715,1.0
0.17772376154566996,0.09204126162293572,0.3941458248672889,0.3530492911963801,0.5560073427496988,0.0019939861177891596,0.06266540071055152,0.22879486547030817,1.0
0.265803528537166,0.36971215347162434,0.3058896876567032,0.22369203640205998,0.6745634797844434,0.39016172953048867,0.15673348039850002,0.231309319639872,1.0
0.6430652305429065,0.09946986481446932,0.35462316546651135,0.04877235338649133,0.5836033535288818,0.3131352620223138,0.2089661145458249,0.1783925294949155,1.0
0.4321429699479802,0.060665483511777835,0.08622828413208734,0.13494967197817098,0.5380014065670343,0.1767604294980282,0.08312178644518545,0.3178113595720488,1.0
0.2617452882052564,0.17841268769195648,0.16388043061959784,0.09097147763837632,0.65846431388721,0.1793833049075432,0.005527417363524272,0.3470449328495269,1.0
0.5710345281167896,0.2894237416367213,0.34763674820741164,0.45340362680277513,0.3037407357459948,0.24438347136667946,0.20699465512990203,0.0962278807718149,1.0
0.15536657601294704,0.04556290192760884,0.2637256783665811,0.39045949551538994,0.6848576815653035,0.12651015087398973,0.06978834915816877,0.1633011042436639,1.0
0.3827694221683574,0.36763485118742234,0.3499292617096217,0.45802916565091384,0.7652361466223817,0.3858324817745245,0.15826999903747954,0.017090459075913972,1.0
0.058493422503934765,0.15611045670893728,0.10307483650919891,0.08497029568053366,0.8578833970577837,0.07816783536424898,0.32618895258717856,0.2739019825156345,1.0
0.4486619704876564,0.2704075840357513,0.1325897294636496,0.3232135190291411,0.16802290645313878,0.37508217301439184,0.10260973558660182,0.09186714442567517,1.0
0.4978139587359102,0.2625794872264728,0.1805195673373221,0.31622311734539316,0.14354376458477053,0.26933132296078205,0.09200763636636593,0.09822095160352463,1.0
0.1135259544606492,0.13295085401446585,0.13250042412453125,0.22708950585113463,0.17137755419971454,0.07720301446350653,0.18419111436549765,0.04639586568137105,1.0
0.48222790559218454,0.37757885034503863,0.1707182486657513,0.4505526565753384,0.08848493201327799,0.01718305095025783,0.24526541835470558,0.27396776627333874,1.0
0.5901407686760259,0.02272707135999257,0.3107628219827322,0.1882693663982909,0.27300386941397875,0.06920956853731877,0.33864535673485924,0.022918892154790902,1.0
0.5789056102255996,0.255797774196211,0.2940321777047469,0.3558585599608982,0.7725910365658643,0.07351682794244332,0.00028036972379302805,0.21547025605557582,1.0
0.24770104752633373,0.04951493244685508,0.07445550164169555,0.16587465622961145,0.0632100337980329,0.022765280851380344,0.31144892664303103,0.11235698976733062,1.0
0.6875614882315094,0.38574680333216,0.05702851293084552,0.35746215144809546,0.5407244002143623,0.27625882924206147,0.032704940004921426,0.0678816283084409,1.0
0.053647063015617044,0.24165368208682847,0.39463643033963647,0.3359922688289707,0.6396853815197366,0.39383401661731243,0.2305239284184107,0.014465366146249319,1.0
0.6069039205996183,0.14587131615151852,0.0017454486058861463,0.2536170887804103,0.8433135007886373,0.10293227487799328,0.1671144788379656,0.06255967960166067,1.0
0.04038487016650807,0.03221797868524528,0.29080436238454216,0.4320372353710745,0.12896895532724198,0.11532742712418749,0.06631001899924129,0.009668079693514055,1.0
0.3874019589208885,0.27996886805505905,0.2591509923540282,0.1940267736511238,0.4995092213459148,0.03763972265448987,0.05246326436571271,0.335446063039074,1.0
0.5330554234739278,0.369095638330067,0.3666721137997469,0.3246963085538703,0.8354147833009486,0.1666816412329853,0.0012295232268799184,0.022525601704617374,1.0
0.07664112799057064,0.03814138127314411,0.14068095634010538,0.3506354035546788,0.7115839259404455,0.23608530973784989,0.04978829934937305,0.26924457677334307,1.0
0.24836134339631924,0.0051973394687184985,0.11223544821309975,0.16530027707048894,0.24682098169629263,0.32474806127503425,0.2583749751819907,0.2503987309485509,1.0
0.0973035549585857,0.3231335638825128,0.2708703846653295,0.09741884324069594,0.5832845372533648,0.19340465640147242,0.14937902103111653,0.04036433885005997,1.0
0.36281299309161574,0.039972723588945464,0.06570135490170666,0.06627315713738136,0.8586974511630069,0.11394587617755603,0.12076947002264264,0.11594901826657299,1.0
0.6287753116247006,0.2251863645339554,0.3676639595733247,0.14996245291394777,0.10335120698875405,0.22248738108966984,0.11748257720860596,0.28868646005666937,1.0
0.6155963862381609,0.18902940436282872,0.38854360963420337,0.27650650317220293,0.24382835404768122,0.19559020613770983,0.012685499416995386,0.2894404176947043,1.0
0.07100453559809466,0.12349939540120199,0.22612661880197737,0.021487562823449435,0.07138520926330343,0.27844654304520516,0.024404211640661373,0.17174983184905554,1.0
0.23708694339452524,0.0912317631825666,0.07551155914546617,0.3817056468662897,0.8563879738352543,0.0560718968813327,0.3262916145192032,0.21411450125103734,1.0
0.4491622837542799,0.28397055125703274,0.2816475561418324,0.4099055540928441,0.43512178621292774,0.21334343500588046,0.11010118083756142,0.03789273376192214,1.0
0.4652481336483533,0.01344398767450037,0.11025402043334731,0.04711493222305013,0.17165444159044627,0.25549236515895235,0.21368205426967218,0.15157976867845635,1.0
0.06312038354264381,0.17334956658376335,0.14109794874331735,0.3602295764279749,0.5211239473791466,0.1966263069347996,0.16557390798369837,0.3478668794137508,1.0
0.5294059551924153,0.19879182418405114,0.19168904515559104,0.013239550652481724,0.848258336987826,0.12766958870693187,0.08701928783945288,0.3597872131395617,1.0
0.503082770053167,0.018945509319715195,0.024754190810230583,0.012750781980098935,0.5396570095615821,0.028625800024780726,0.3173520413272764,0.337286354408164,1.0
0.3822378467236558,0.24665557255838033,0.11675776061009993,0.03198627120413666,0.663714400672634,0.04071439549960698,0.029089597946253667,0.11204031931352057,1.0
0.00872596188651744,0.17361424630252642,0.2830723640320307,0.4006744657109695,0.5438765734190292,0.33874968124556504,0.13821074928081753,0.3055579506217716,1.0
0.3545313173488655,0.08921445119931813,0.3776582586641864,0.13748543691855825,0.023581335769013802,0.09706961718201078,0.12467377082752544,0.12648588598413507,1.0
0.36726725661050014,0.3532507528143694,0.11693529084387966,0.2603853039795844,0.30612505831963144,0.3287092237492802,0.05358451451808265,0.03726369659162106,1.0
0.3520966772663212,0.2687550343061968,0.3182100804363066,0.2948124264526582,0.6964647851871005,0.15708402342436953,0.011175007890599453,0.04179575084456035,1.0
0.027105820860297322,0.13157746019059707,0.19819653650747293,0.1781587418284697,0.504539527559753,0.19224365939711507,0.23050055263373972,0.24010637888282624,1.0
0.22264490297607561,0.1384857821444366,0.23405912865652134,0.2982162339454209,0.2832299222734198,0.13212715431017008,0.23597530448329002,0.23306789623538504,1.0
0.09453556327584228,0.17641675187015737,0.35708243148423613,0.018152838052237608,0.7696475518357924,0.06527126282565746,0.17246453503698342,0.15276111441228413,1.0
0.0070905361390211745,0.3661587748358528,0.18197009093372227,0.4771341383803075,0.2580695108812961,0.346510309366389,0.3136124551585144,0.20045966989348102,1.0
0.14187445150740224,0.274098972842288,0.21959122661178407,0.47226483292631294,0.39534485562944266,0.1074054590559288,0.04701758050799642,0.2515080847272046,1.0
0.6818767332864075,0.01133750822855939,0.29617814191125075,0.4634651812798333,0.06730338080461441,0.044068018042453264,0.23526541347290095,0.2332668153224838,1.0
0.04817919072137199,0.33376910086046263,0.20936953913795697,0.4535986866683063,0.790191792893434,0.32500310762006634,0.17540562472310325,0.0906158310297956,1.0
0.35418285273779276,0.04032455112071203,0.2635384593893705,0.06698860961450381,0.4600556662506508,0.021752789666727113,0.10183424669337961,0.08354896584112362,1.0
0.4340220798981693,0.3147146848090035,0.02292118181621046,0.4251418425776921,0.7746909254591441,0.13690762971520912,0.22406138242990953,0.1449406914132418,1.0
0.10793361753274205,0.21146496742524415,0.034543869800638664,0.43923607769799394,0.8318607834686477,0.32864525480456147,0.19125956105703273,0.20073549280516378,1.0
0.6892251636206508,0.09916067593247316,0.030379346362082994,0.2809704618005889,0.29590703802909296,0.1289355091232177,0.002409020417782335,0.21464618743725586,1.0
0.18482359159292983,0.07514341927707241,0.016172772557201488,0.18218078823780565,0.7910719851478116,0.13466832303894893,0.23088523144066186,0.2723569068246866,1.0
0.22967056643313968,0.32865629400481655,0.27675186386677963,0.27962111435047576,0.0008932176455660245,0.014036306369123253,0.33689438699606156,0.28162221246128133,1.0
0.6562956811410628,0.360921281967211,0.008177193257100335,0.39592364489553694,0.40603116961003916,0.3158232816002623,0.002283366615550948,0.10375174843220313,1.0
0.5259266430539115,0.31720831544063594,0.2478858404858496,0.15062809472313188,0.27932633215907665,0.3867055854568131,0.14933214093962954,0.16096519808778134,1.0
0.3866329251684896,0.16380093474575552,0.2210686258389657,0.21616771138377894,0.7440434276419681,0.3636204079193136,0.316917488337223,0.20314663409857917,1.0
0.3095039902251467,0.2820960235167352,0.33532943651836267,0.2814911210331886,0.6299829196400352,0.29989174028849924,0.2299738840838775,0.26860808006255144,1.0
0.14605173278919886,0.19934981880871902,0.2353074218420349,0.0012389654285115403,0.7703662579323138,0.24400980337796485,0.043906352777389114,0.29388854612729776,1.0
0.5019398765083812,0.3033198173854548,0.15681698474474248,0.42710125334749605,0.37262482391912605,0.22820366117823654,0.0002183832579570666,0.2321543212840304,1.0
0.5027230544895557,0.22684374619551695,0.19862352681744644,0.40496823685585415,0.6132354454487177,0.1112296158880092,0.3260849349471952,0.2546161899103227,1.0
0.6915572502386972,0.38850452650754735,0.367563889124036,0.3776857706126538,0.5484864316472706,0.0688682654731697,0.18473948192407763,0.2755355480619578,1.0
0.36460001109389745,0.34729565136226315,0.04386235967667931,0.19047017402431704,0.4553679767342915,0.17293011834764324,0.03691942625932805,0.05527018585606699,1.0
0.5863321049988409,0.19375370368058042,0.019488970701091058,0.008245629488824957,0.4261278617948939,0.06575149036977748,0.23974282163973545,0.28631644650999044,1.0
0.1598076959199739,0.2368707779527123,0.0617778573941544,0.1517913257971935,0.79991594476329,0.21763923659292433,0.3012021563490281,0.0810892095046225,1.0
0.2310170402740662,0.18838085538272684,0.19203203007781716,0.4988239835918502,0.10300078707401708,0.3407860142406363,0.2936518934034359,0.19915150735360346,1.0
0.2408260177814076,0.20769044171531847,0.11698708192262552,0.39955372421996976,0.4484512428392971,0.3703368715509803,0.2117150570810549,0.185154959921286,1.0
0.49774854778435657,0.2015731857720937,0.3618025401677789,0.09222298044342064,0.8760138153713151,0.32487622074047684,0.2926493430340557,0.17384681965358562,1.0
0.5860410845363181,0.12270963343088206,0.3047792714256701,0.07022507919451132,0.27634672436625785,0.17829306534389314,0.10958870416876344,0.1393261616247061,1.0
0.5740733213485886,0.10267035685686704,0.2981124688618289,0.03685603455582592,0.6891651967635547,0.3168092971319092,0.13657758367084388,0.26009201634028933,1.0
0.6405968826215693,0.3202851894218108,0.15617860415878396,0.2421067571400322,0.701421790307225,0.11703783593964943,0.273320131705017,0.11810561132193881,1.0
0.5641934076698767,0.034720177340289336,0.017758918764236055,0.49883772368491114,0.7825114109112201,0.3531390013864816,0.32343518218624995,0.1577938713892156,1.0
0.20078488827610652,0.0520099980071612,0.20048365341538582,0.11002416023830391,0.8419957710653877,0.0016012649771116384,0.04868689083266134,0.08873130711003364,1.0
0.13926969811523654,0.09031137463188413,0.26241904202447136,0.1637560391565746,0.553521943713036,0.3561031734585165,0.2048693002787387,0.25003180486309734,1.0
0.2558523087549501,0.06389538704908367,0.12823362497996246,0.48214132435205403,0.5596302460078234,0.11100444777360607,0.15331119083511532,0.30078469347515796,1.0
0.46791049949404145,0.2242611362916673,0.35406515065353644,0.33621978610839515,0.5784567577119859,0.07590725488430726,0.03617215222421865,0.3474511621406636,1.0
0.41920085907024685,0.16627336365857165,0.23560832836408704,0.03090598053585769,0.7399145465136961,0.08665821422573439,0.273545642148102,0.19237623957489983,1.0
0.19360040955983193,0.012083979296828185,0.3263333421306423,0.08823007073465333,0.0466246040758861,0.30235109233035234,0.1190146956068128,0.14016024201299399,1.0
0.17294731109650327,0.34367139147875886,0.11893181044261283,0.10509628487551192,0.2783247537025405,0.08125983006695879,0.10800277507377055,0.029857040232542292,1.0
0.11097102038362083,0.16682115335845915,0.3517867422359506,0.028645373361142923,0.19140723608402757,0.36333827021663856,0.3026049892143734,0.24460229998653885,1.0
0.16833148786666657,0.1679242244223143,0.08448839777518602,0.06429425456260163,0.3419985550625024,0.23032864202814007,0.12237710965803379,0.2198968381677491,1.0
0.20737831476551383,0.13834021110431613,0.31626943665784385,0.439157365446929,0.2898306733779469,0.2286063205381105,0.09457517652337115,0.019200471014673908,1.0
0.5165000269522856,0.06840139329446014,0.17028500949876688,0.2435227466895784,0.16602442576119533,0.03782214026535851,0.118324424988164,0.3428229267181146,1.0
0.430594912991895,0.152564091361161,0.015564328309685972,0.3001366406955409,0.08303187684183533,0.21701762841901054,0.2556631728123926,0.15249072538612307,1.0
0.20958804637156708,0.01895369352703944,0.009911150064638719,0.2150132848227606,0.7950107436326711,0.09762511151727615,0.19517887196581926,0.24635009508471423,1.0
0.042580907250953,0.06124015032135084,0.13251071736782682,0.33504658707428525,0.3951316010052872,0.29367802728729814,0.29498327429488547,0.27301401957547544,1.0
0.6945730451192743,0.3017444274926599,0.34087167800298024,0.4161831792325005,0.6572391860520419,0.32072072666235624,0.3177922974749195,0.17107465626946533,1.0
0.4468009167387805,0.2059758886291091,0.34041479487682924,0.21567980143575366,0.7377540940302596,0.31974183002285556,0.32704127446532083,0.08961145173267075,1.0
0.49673365692013854,0.30276779905899454,0.3745113971218663,0.45345120902776553,0.5161732755376035,0.23166127434559192,0.056879017657438,0.3509865728725576,1.0
0.1785122238923988,0.2898944873805169,0.318318001922125,0.22060775230569052,0.19007434802615222,0.0755841536878747,0.2912086403065412,0.18387233522946533,1.0
0.06309588742678669,0.2868077891051555,0.10006842112201185,0.4381973753754396,0.27861460742697775,0.08010833203605726,0.02885187080867767,0.18415120918955308,1.0
0.3155163114728011,0.30052485784125715,0.18584103487721457,0.17190798446218553,0.23548942406964968,0.11125869818798845,0.31546828662145676,0.05942829675161244,1.0
0.691723497190005,0.1307677820768899,0.03535609416699899,0.12434519039393249,0.05257294159915683,0.31601190766556636,0.17426799026397588,0.12131518279204832,1.0
0.4634347232420937,0.2522586103801281,0.3759488356910361,0.4806302583741898,0.6126153980988648,0.32712637089766744,0.2694245341139607,0.17686927177196393,1.0
0.49312080162339184,0.031303603073428075,0.3032084332601228,0.4809165035961838,0.07647727781316459,0.33444631383674184,0.31721320906075223,0.08142800032874235,1.0
0.36736783132644263,0.37114329018519543,0.3840904018091872,0.06394119217615818,0.3141038029999056,0.2792578564603427,0.07532988979121631,0.11691742630841309,1.0
0.01630374200328529,0.06140867237247956,0.22493179776709754,0.3265450331520914,0.5840206479862533,0.3113441883112867,0.1411956806711891,0.09845665784681598,1.0
0.01090649002976749,0.08265193042095476,0.12495512488081491,0.08910342824023276,0.018130024346942032,0.06297904346607663,0.22647384821297462,0.22665074993013448,1.0
0.6549785475786297,0.3192673165589237,0.2271024467364765,0.06877817374660566,0.5076646370326412,0.024638024365672306,0.14650086511968996,0.14049310642099036,1.0
0.29946966655405916,0.1119303673579149,0.2743321790495295,0.42047223364938974,0.6916652933390798,0.25110083831635216,0.18303723177322453,0.011190304802890932,1.0
0.5060537990843448,0.217993175831399,0.10829642026555475,0.16392101942672083,0.8420461078227672,0.24974489804689082,0.16181022778355963,0.22353182629502677,1.0
0.2896196274899599,0.18807290928120649,0.11612370268306815,0.21992665029582226,0.6170330091941194,0.015976770034587685,0.2703093184806927,0.10187263471007262,1.0
0.47779185540274977,0.257090125872024,0.26105121965652217,0.30406445812790145,0.8631916542625814,0.20333766507815634,0.24898849927521952,0.25396175924444797,1.0
0.16538730409483124,0.11332233567473025,0.16960683926278716,0.13884896523160462,0.33006878903696374,0.15638424557132238,0.20531395071903696,0.07916041538462218,1.0
0.5630043061136811,0.17501454270860184,0.28249764467329874,0.04072124062040894,0.4229688547119302,0.011287812870931325,0.22980939721729204,0.12373562771894504,1.0
0.66447696987408,0.12964968584056777,0.22552235920709074,0.12869378784730734,0.5581013660526063,0.18681694005329386,0.12601360891191518,0.07332816566886476,1.0
0.0780649407800187,0.04795165358266931,0.3996160070022213,0.20615536342861734,0.0017367370860055132,0.38117151625040574,0.006793174238136302,0.1506910051996321,1.0
0.5022343101794591,0.3658396977487047,0.2851545165728404,0.2318128774500059,0.8769978350856931,0.01572775321330817,0.33554334886292275,0.305780958615038,1.0
0.6502510119884514,0.10190896963901466,0.05698322891370791,0.33165763968635004,0.464273494187508,0.2092671842977518,0.314370520684294,0.2232291263951744,1.0
0.21774468457321292,0.16002662256715042,0.053398334036740505,0.09615702013784466,0.12901506318858466,0.3241165364845418,0.23965697911052042,0.19092420633990664,1.0
0.26205748353929953,0.2673977161297402,0.3251621390783044,0.4406166078358545,0.4923146053857002,0.32795404872788037,0.17384402416031633,0.1708308321076407,1.0
0.6058022989354701,0.1545495745058656,0.1583650716162809,0.15245567264245807,0.46683155546515503,0.2179400134757843,0.22455678940555537,0.15498083163944537,1.0
0.15248610431851953,0.34673682496555036,0.13840034689520575,0.46147170992008735,0.18661799972381019,0.2240229904944922,0.18244913180001376,0.2983132252537183,1.0
0.09719597072558082,0.36397486916698457,0.21257126886882807,0.2930546919571832,0.4591496639679904,0.014409962734506588,0.16901082501424336,0.09487787856371659,1.0
0.23988172626448198,0.259640639674856,0.19907885178964238,0.04660910633373022,0.06573714728558304,0.07426307824694814,0.06490094983455605,0.21898827250969136,1.0
0.12447012483187996,0.35268776930990825,0.08390426424536526,0.045565722713191315,0.7881714147236822,0.1181310304306932,0.14464369414347017,0.3452494982444792,1.0
0.6610584534104417,0.28596675570596714,0.027575580693021885,0.29667006270569873,0.8901701415380321,0.37876649136959223,0.03604084745678058,0.1425482291125327,1.0
0.2208757221319875,0.05189124276196222,0.27791932449950435,0.13692418218011837,0.31037922281276803,0.03614355068056718,0.16930896998474632,0.05694043091474033,1.0
0.30246329650564235,0.0573368888413206,0.3815399559800583,0.0724912665985713,0.4696984384655699,0.078791930127595,0.025963013180687142,0.07283110278315534,1.0
0.038341875173305257,0.055758953248395526,0.1973936631052868,0.3259077605287871,0.07860583356460511,0.1764074495617074,0.19762398777013968,0.08432124343598213,1.0
0.26045488806121775,0.028733947893443457,0.08805243209323797,0.23337646295947,0.89139796103279,0.39850602517565337,0.3330713715822579,0.15231109906811793,1.0
0.05647626489026551,0.1294293748997334,0.09508575014839092,0.007063287454927292,0.08571024925953787,0.18127677401962644,0.11548523769346099,0.06492733978841389,1.0
