param,multiplier,task,auc,value
w_mb,0.0,wake_vs_deep_sleep,1.0,0.0
w_mb,0.0,wake_vs_reflex,1.0,0.0
w_mb,0.0,wake_vs_anxiety,1.0,0.0
w_mb,0.0,wake_vs_nonwake,1.0,0.0
w_mb,0.0,integrated_vs_low,1.0,0.0
w_mb,0.25,wake_vs_deep_sleep,1.0,0.0875
w_mb,0.25,wake_vs_reflex,1.0,0.0875
w_mb,0.25,wake_vs_anxiety,1.0,0.0875
w_mb,0.25,wake_vs_nonwake,1.0,0.0875
w_mb,0.25,integrated_vs_low,1.0,0.0875
w_mb,0.5,wake_vs_deep_sleep,1.0,0.175
w_mb,0.5,wake_vs_reflex,1.0,0.175
w_mb,0.5,wake_vs_anxiety,1.0,0.175
w_mb,0.5,wake_vs_nonwake,1.0,0.175
w_mb,0.5,integrated_vs_low,1.0,0.175
w_mb,0.75,wake_vs_deep_sleep,1.0,0.26249999999999996
w_mb,0.75,wake_vs_reflex,1.0,0.26249999999999996
w_mb,0.75,wake_vs_anxiety,1.0,0.26249999999999996
w_mb,0.75,wake_vs_nonwake,1.0,0.26249999999999996
w_mb,0.75,integrated_vs_low,1.0,0.26249999999999996
w_mb,1.0,wake_vs_deep_sleep,1.0,0.35
w_mb,1.0,wake_vs_reflex,1.0,0.35
w_mb,1.0,wake_vs_anxiety,1.0,0.35
w_mb,1.0,wake_vs_nonwake,1.0,0.35
w_mb,1.0,integrated_vs_low,1.0,0.35
w_mb,1.25,wake_vs_deep_sleep,1.0,0.4375
w_mb,1.25,wake_vs_reflex,1.0,0.4375
w_mb,1.25,wake_vs_anxiety,1.0,0.4375
w_mb,1.25,wake_vs_nonwake,1.0,0.4375
w_mb,1.25,integrated_vs_low,1.0,0.4375
w_mb,1.5,wake_vs_deep_sleep,1.0,0.5249999999999999
w_mb,1.5,wake_vs_reflex,1.0,0.5249999999999999
w_mb,1.5,wake_vs_anxiety,1.0,0.5249999999999999
w_mb,1.5,wake_vs_nonwake,1.0,0.5249999999999999
w_mb,1.5,integrated_vs_low,1.0,0.5249999999999999
w_mb,2.0,wake_vs_deep_sleep,1.0,0.7
w_mb,2.0,wake_vs_reflex,1.0,0.7
w_mb,2.0,wake_vs_anxiety,1.0,0.7
w_mb,2.0,wake_vs_nonwake,1.0,0.7
w_mb,2.0,integrated_vs_low,1.0,0.7
w_me,0.0,wake_vs_deep_sleep,1.0,0.0
w_me,0.0,wake_vs_reflex,1.0,0.0
w_me,0.0,wake_vs_anxiety,1.0,0.0
w_me,0.0,wake_vs_nonwake,1.0,0.0
w_me,0.0,integrated_vs_low,1.0,0.0
w_me,0.25,wake_vs_deep_sleep,1.0,0.05
w_me,0.25,wake_vs_reflex,1.0,0.05
w_me,0.25,wake_vs_anxiety,1.0,0.05
w_me,0.25,wake_vs_nonwake,1.0,0.05
w_me,0.25,integrated_vs_low,1.0,0.05
w_me,0.5,wake_vs_deep_sleep,1.0,0.1
w_me,0.5,wake_vs_reflex,1.0,0.1
w_me,0.5,wake_vs_anxiety,1.0,0.1
w_me,0.5,wake_vs_nonwake,1.0,0.1
w_me,0.5,integrated_vs_low,1.0,0.1
w_me,0.75,wake_vs_deep_sleep,1.0,0.15000000000000002
w_me,0.75,wake_vs_reflex,1.0,0.15000000000000002
w_me,0.75,wake_vs_anxiety,1.0,0.15000000000000002
w_me,0.75,wake_vs_nonwake,1.0,0.15000000000000002
w_me,0.75,integrated_vs_low,1.0,0.15000000000000002
w_me,1.0,wake_vs_deep_sleep,1.0,0.2
w_me,1.0,wake_vs_reflex,1.0,0.2
w_me,1.0,wake_vs_anxiety,1.0,0.2
w_me,1.0,wake_vs_nonwake,1.0,0.2
w_me,1.0,integrated_vs_low,1.0,0.2
w_me,1.25,wake_vs_deep_sleep,1.0,0.25
w_me,1.25,wake_vs_reflex,1.0,0.25
w_me,1.25,wake_vs_anxiety,1.0,0.25
w_me,1.25,wake_vs_nonwake,1.0,0.25
w_me,1.25,integrated_vs_low,1.0,0.25
w_me,1.5,wake_vs_deep_sleep,1.0,0.30000000000000004
w_me,1.5,wake_vs_reflex,1.0,0.30000000000000004
w_me,1.5,wake_vs_anxiety,1.0,0.30000000000000004
w_me,1.5,wake_vs_nonwake,1.0,0.30000000000000004
w_me,1.5,integrated_vs_low,1.0,0.30000000000000004
w_me,2.0,wake_vs_deep_sleep,1.0,0.4
w_me,2.0,wake_vs_reflex,1.0,0.4
w_me,2.0,wake_vs_anxiety,1.0,0.4
w_me,2.0,wake_vs_nonwake,1.0,0.4
w_me,2.0,integrated_vs_low,1.0,0.4
w_k,0.0,wake_vs_deep_sleep,1.0,0.0
w_k,0.0,wake_vs_reflex,1.0,0.0
w_k,0.0,wake_vs_anxiety,1.0,0.0
w_k,0.0,wake_vs_nonwake,1.0,0.0
w_k,0.0,integrated_vs_low,1.0,0.0
w_k,0.25,wake_vs_deep_sleep,1.0,0.05
w_k,0.25,wake_vs_reflex,1.0,0.05
w_k,0.25,wake_vs_anxiety,1.0,0.05
w_k,0.25,wake_vs_nonwake,1.0,0.05
w_k,0.25,integrated_vs_low,1.0,0.05
w_k,0.5,wake_vs_deep_sleep,1.0,0.1
w_k,0.5,wake_vs_reflex,1.0,0.1
w_k,0.5,wake_vs_anxiety,1.0,0.1
w_k,0.5,wake_vs_nonwake,1.0,0.1
w_k,0.5,integrated_vs_low,1.0,0.1
w_k,0.75,wake_vs_deep_sleep,1.0,0.15000000000000002
w_k,0.75,wake_vs_reflex,1.0,0.15000000000000002
w_k,0.75,wake_vs_anxiety,1.0,0.15000000000000002
w_k,0.75,wake_vs_nonwake,1.0,0.15000000000000002
w_k,0.75,integrated_vs_low,1.0,0.15000000000000002
w_k,1.0,wake_vs_deep_sleep,1.0,0.2
w_k,1.0,wake_vs_reflex,1.0,0.2
w_k,1.0,wake_vs_anxiety,1.0,0.2
w_k,1.0,wake_vs_nonwake,1.0,0.2
w_k,1.0,integrated_vs_low,1.0,0.2
w_k,1.25,wake_vs_deep_sleep,1.0,0.25
w_k,1.25,wake_vs_reflex,1.0,0.25
w_k,1.25,wake_vs_anxiety,1.0,0.25
w_k,1.25,wake_vs_nonwake,1.0,0.25
w_k,1.25,integrated_vs_low,1.0,0.25
w_k,1.5,wake_vs_deep_sleep,1.0,0.30000000000000004
w_k,1.5,wake_vs_reflex,1.0,0.30000000000000004
w_k,1.5,wake_vs_anxiety,1.0,0.30000000000000004
w_k,1.5,wake_vs_nonwake,1.0,0.30000000000000004
w_k,1.5,integrated_vs_low,1.0,0.30000000000000004
w_k,2.0,wake_vs_deep_sleep,1.0,0.4
w_k,2.0,wake_vs_reflex,1.0,0.4
w_k,2.0,wake_vs_anxiety,1.0,0.4
w_k,2.0,wake_vs_nonwake,1.0,0.4
w_k,2.0,integrated_vs_low,1.0,0.4
w_r,0.0,wake_vs_deep_sleep,1.0,0.0
w_r,0.0,wake_vs_reflex,1.0,0.0
w_r,0.0,wake_vs_anxiety,1.0,0.0
w_r,0.0,wake_vs_nonwake,1.0,0.0
w_r,0.0,integrated_vs_low,1.0,0.0
w_r,0.25,wake_vs_deep_sleep,1.0,0.0625
w_r,0.25,wake_vs_reflex,1.0,0.0625
w_r,0.25,wake_vs_anxiety,1.0,0.0625
w_r,0.25,wake_vs_nonwake,1.0,0.0625
w_r,0.25,integrated_vs_low,1.0,0.0625
w_r,0.5,wake_vs_deep_sleep,1.0,0.125
w_r,0.5,wake_vs_reflex,1.0,0.125
w_r,0.5,wake_vs_anxiety,1.0,0.125
w_r,0.5,wake_vs_nonwake,1.0,0.125
w_r,0.5,integrated_vs_low,1.0,0.125
w_r,0.75,wake_vs_deep_sleep,1.0,0.1875
w_r,0.75,wake_vs_reflex,1.0,0.1875
w_r,0.75,wake_vs_anxiety,1.0,0.1875
w_r,0.75,wake_vs_nonwake,1.0,0.1875
w_r,0.75,integrated_vs_low,1.0,0.1875
w_r,1.0,wake_vs_deep_sleep,1.0,0.25
w_r,1.0,wake_vs_reflex,1.0,0.25
w_r,1.0,wake_vs_anxiety,1.0,0.25
w_r,1.0,wake_vs_nonwake,1.0,0.25
w_r,1.0,integrated_vs_low,1.0,0.25
w_r,1.25,wake_vs_deep_sleep,1.0,0.3125
w_r,1.25,wake_vs_reflex,1.0,0.3125
w_r,1.25,wake_vs_anxiety,1.0,0.3125
w_r,1.25,wake_vs_nonwake,1.0,0.3125
w_r,1.25,integrated_vs_low,1.0,0.3125
w_r,1.5,wake_vs_deep_sleep,1.0,0.375
w_r,1.5,wake_vs_reflex,1.0,0.375
w_r,1.5,wake_vs_anxiety,1.0,0.375
w_r,1.5,wake_vs_nonwake,1.0,0.375
w_r,1.5,integrated_vs_low,1.0,0.375
w_r,2.0,wake_vs_deep_sleep,1.0,0.5
w_r,2.0,wake_vs_reflex,1.0,0.5
w_r,2.0,wake_vs_anxiety,1.0,0.5
w_r,2.0,wake_vs_nonwake,1.0,0.5
w_r,2.0,integrated_vs_low,1.0,0.5
c_w_psi,0.0,wake_vs_deep_sleep,1.0,0.0
c_w_psi,0.0,wake_vs_reflex,1.0,0.0
c_w_psi,0.0,wake_vs_anxiety,0.888888888888889,0.0
c_w_psi,0.0,wake_vs_nonwake,0.9629629629629629,0.0
c_w_psi,0.0,integrated_vs_low,1.0,0.0
c_w_psi,0.25,wake_vs_deep_sleep,1.0,0.1125
c_w_psi,0.25,wake_vs_reflex,1.0,0.1125
c_w_psi,0.25,wake_vs_anxiety,1.0,0.1125
c_w_psi,0.25,wake_vs_nonwake,1.0,0.1125
c_w_psi,0.25,integrated_vs_low,1.0,0.1125
c_w_psi,0.5,wake_vs_deep_sleep,1.0,0.225
c_w_psi,0.5,wake_vs_reflex,1.0,0.225
c_w_psi,0.5,wake_vs_anxiety,1.0,0.225
c_w_psi,0.5,wake_vs_nonwake,1.0,0.225
c_w_psi,0.5,integrated_vs_low,1.0,0.225
c_w_psi,0.75,wake_vs_deep_sleep,1.0,0.3375
c_w_psi,0.75,wake_vs_reflex,1.0,0.3375
c_w_psi,0.75,wake_vs_anxiety,1.0,0.3375
c_w_psi,0.75,wake_vs_nonwake,1.0,0.3375
c_w_psi,0.75,integrated_vs_low,1.0,0.3375
c_w_psi,1.0,wake_vs_deep_sleep,1.0,0.45
c_w_psi,1.0,wake_vs_reflex,1.0,0.45
c_w_psi,1.0,wake_vs_anxiety,1.0,0.45
c_w_psi,1.0,wake_vs_nonwake,1.0,0.45
c_w_psi,1.0,integrated_vs_low,1.0,0.45
c_w_psi,1.25,wake_vs_deep_sleep,1.0,0.5625
c_w_psi,1.25,wake_vs_reflex,1.0,0.5625
c_w_psi,1.25,wake_vs_anxiety,1.0,0.5625
c_w_psi,1.25,wake_vs_nonwake,1.0,0.5625
c_w_psi,1.25,integrated_vs_low,1.0,0.5625
c_w_psi,1.5,wake_vs_deep_sleep,1.0,0.675
c_w_psi,1.5,wake_vs_reflex,1.0,0.675
c_w_psi,1.5,wake_vs_anxiety,1.0,0.675
c_w_psi,1.5,wake_vs_nonwake,1.0,0.675
c_w_psi,1.5,integrated_vs_low,1.0,0.675
c_w_psi,2.0,wake_vs_deep_sleep,1.0,0.9
c_w_psi,2.0,wake_vs_reflex,1.0,0.9
c_w_psi,2.0,wake_vs_anxiety,1.0,0.9
c_w_psi,2.0,wake_vs_nonwake,1.0,0.9
c_w_psi,2.0,integrated_vs_low,1.0,0.9
c_w_q,0.0,wake_vs_deep_sleep,1.0,0.0
c_w_q,0.0,wake_vs_reflex,1.0,0.0
c_w_q,0.0,wake_vs_anxiety,1.0,0.0
c_w_q,0.0,wake_vs_nonwake,1.0,0.0
c_w_q,0.0,integrated_vs_low,1.0,0.0
c_w_q,0.25,wake_vs_deep_sleep,1.0,0.05
c_w_q,0.25,wake_vs_reflex,1.0,0.05
c_w_q,0.25,wake_vs_anxiety,1.0,0.05
c_w_q,0.25,wake_vs_nonwake,1.0,0.05
c_w_q,0.25,integrated_vs_low,1.0,0.05
c_w_q,0.5,wake_vs_deep_sleep,1.0,0.1
c_w_q,0.5,wake_vs_reflex,1.0,0.1
c_w_q,0.5,wake_vs_anxiety,1.0,0.1
c_w_q,0.5,wake_vs_nonwake,1.0,0.1
c_w_q,0.5,integrated_vs_low,1.0,0.1
c_w_q,0.75,wake_vs_deep_sleep,1.0,0.15000000000000002
c_w_q,0.75,wake_vs_reflex,1.0,0.15000000000000002
c_w_q,0.75,wake_vs_anxiety,1.0,0.15000000000000002
c_w_q,0.75,wake_vs_nonwake,1.0,0.15000000000000002
c_w_q,0.75,integrated_vs_low,1.0,0.15000000000000002
c_w_q,1.0,wake_vs_deep_sleep,1.0,0.2
c_w_q,1.0,wake_vs_reflex,1.0,0.2
c_w_q,1.0,wake_vs_anxiety,1.0,0.2
c_w_q,1.0,wake_vs_nonwake,1.0,0.2
c_w_q,1.0,integrated_vs_low,1.0,0.2
c_w_q,1.25,wake_vs_deep_sleep,1.0,0.25
c_w_q,1.25,wake_vs_reflex,1.0,0.25
c_w_q,1.25,wake_vs_anxiety,1.0,0.25
c_w_q,1.25,wake_vs_nonwake,1.0,0.25
c_w_q,1.25,integrated_vs_low,1.0,0.25
c_w_q,1.5,wake_vs_deep_sleep,1.0,0.30000000000000004
c_w_q,1.5,wake_vs_reflex,1.0,0.30000000000000004
c_w_q,1.5,wake_vs_anxiety,1.0,0.30000000000000004
c_w_q,1.5,wake_vs_nonwake,1.0,0.30000000000000004
c_w_q,1.5,integrated_vs_low,1.0,0.30000000000000004
c_w_q,2.0,wake_vs_deep_sleep,1.0,0.4
c_w_q,2.0,wake_vs_reflex,1.0,0.4
c_w_q,2.0,wake_vs_anxiety,1.0,0.4
c_w_q,2.0,wake_vs_nonwake,1.0,0.4
c_w_q,2.0,integrated_vs_low,1.0,0.4
c_w_m,0.0,wake_vs_deep_sleep,1.0,0.0
c_w_m,0.0,wake_vs_reflex,1.0,0.0
c_w_m,0.0,wake_vs_anxiety,1.0,0.0
c_w_m,0.0,wake_vs_nonwake,1.0,0.0
c_w_m,0.0,integrated_vs_low,1.0,0.0
c_w_m,0.25,wake_vs_deep_sleep,1.0,0.0425
c_w_m,0.25,wake_vs_reflex,1.0,0.0425
c_w_m,0.25,wake_vs_anxiety,1.0,0.0425
c_w_m,0.25,wake_vs_nonwake,1.0,0.0425
c_w_m,0.25,integrated_vs_low,1.0,0.0425
c_w_m,0.5,wake_vs_deep_sleep,1.0,0.085
c_w_m,0.5,wake_vs_reflex,1.0,0.085
c_w_m,0.5,wake_vs_anxiety,1.0,0.085
c_w_m,0.5,wake_vs_nonwake,1.0,0.085
c_w_m,0.5,integrated_vs_low,1.0,0.085
c_w_m,0.75,wake_vs_deep_sleep,1.0,0.1275
c_w_m,0.75,wake_vs_reflex,1.0,0.1275
c_w_m,0.75,wake_vs_anxiety,1.0,0.1275
c_w_m,0.75,wake_vs_nonwake,1.0,0.1275
c_w_m,0.75,integrated_vs_low,1.0,0.1275
c_w_m,1.0,wake_vs_deep_sleep,1.0,0.17
c_w_m,1.0,wake_vs_reflex,1.0,0.17
c_w_m,1.0,wake_vs_anxiety,1.0,0.17
c_w_m,1.0,wake_vs_nonwake,1.0,0.17
c_w_m,1.0,integrated_vs_low,1.0,0.17
c_w_m,1.25,wake_vs_deep_sleep,1.0,0.21250000000000002
c_w_m,1.25,wake_vs_reflex,1.0,0.21250000000000002
c_w_m,1.25,wake_vs_anxiety,1.0,0.21250000000000002
c_w_m,1.25,wake_vs_nonwake,1.0,0.21250000000000002
c_w_m,1.25,integrated_vs_low,1.0,0.21250000000000002
c_w_m,1.5,wake_vs_deep_sleep,1.0,0.255
c_w_m,1.5,wake_vs_reflex,1.0,0.255
c_w_m,1.5,wake_vs_anxiety,1.0,0.255
c_w_m,1.5,wake_vs_nonwake,1.0,0.255
c_w_m,1.5,integrated_vs_low,1.0,0.255
c_w_m,2.0,wake_vs_deep_sleep,1.0,0.34
c_w_m,2.0,wake_vs_reflex,1.0,0.34
c_w_m,2.0,wake_vs_anxiety,1.0,0.34
c_w_m,2.0,wake_vs_nonwake,1.0,0.34
c_w_m,2.0,integrated_vs_low,1.0,0.34
c_w_b,0.0,wake_vs_deep_sleep,1.0,0.0
c_w_b,0.0,wake_vs_reflex,1.0,0.0
c_w_b,0.0,wake_vs_anxiety,1.0,0.0
c_w_b,0.0,wake_vs_nonwake,1.0,0.0
c_w_b,0.0,integrated_vs_low,1.0,0.0
c_w_b,0.25,wake_vs_deep_sleep,1.0,0.045
c_w_b,0.25,wake_vs_reflex,1.0,0.045
c_w_b,0.25,wake_vs_anxiety,1.0,0.045
c_w_b,0.25,wake_vs_nonwake,1.0,0.045
c_w_b,0.25,integrated_vs_low,1.0,0.045
c_w_b,0.5,wake_vs_deep_sleep,1.0,0.09
c_w_b,0.5,wake_vs_reflex,1.0,0.09
c_w_b,0.5,wake_vs_anxiety,1.0,0.09
c_w_b,0.5,wake_vs_nonwake,1.0,0.09
c_w_b,0.5,integrated_vs_low,1.0,0.09
c_w_b,0.75,wake_vs_deep_sleep,1.0,0.135
c_w_b,0.75,wake_vs_reflex,1.0,0.135
c_w_b,0.75,wake_vs_anxiety,1.0,0.135
c_w_b,0.75,wake_vs_nonwake,1.0,0.135
c_w_b,0.75,integrated_vs_low,1.0,0.135
c_w_b,1.0,wake_vs_deep_sleep,1.0,0.18
c_w_b,1.0,wake_vs_reflex,1.0,0.18
c_w_b,1.0,wake_vs_anxiety,1.0,0.18
c_w_b,1.0,wake_vs_nonwake,1.0,0.18
c_w_b,1.0,integrated_vs_low,1.0,0.18
c_w_b,1.25,wake_vs_deep_sleep,1.0,0.22499999999999998
c_w_b,1.25,wake_vs_reflex,1.0,0.22499999999999998
c_w_b,1.25,wake_vs_anxiety,1.0,0.22499999999999998
c_w_b,1.25,wake_vs_nonwake,1.0,0.22499999999999998
c_w_b,1.25,integrated_vs_low,1.0,0.22499999999999998
c_w_b,1.5,wake_vs_deep_sleep,1.0,0.27
c_w_b,1.5,wake_vs_reflex,1.0,0.27
c_w_b,1.5,wake_vs_anxiety,1.0,0.27
c_w_b,1.5,wake_vs_nonwake,1.0,0.27
c_w_b,1.5,integrated_vs_low,1.0,0.27
c_w_b,2.0,wake_vs_deep_sleep,1.0,0.36
c_w_b,2.0,wake_vs_reflex,1.0,0.36
c_w_b,2.0,wake_vs_anxiety,1.0,0.36
c_w_b,2.0,wake_vs_nonwake,1.0,0.36
c_w_b,2.0,integrated_vs_low,1.0,0.36
