magnitude,trial,task,auc,w_mb,w_me,w_k,w_r,c_w_psi,c_w_q,c_w_m,c_w_b
0.0,0,wake_vs_deep_sleep,1.0,0.35,0.2,0.2,0.25,0.45,0.2,0.17,0.18
0.0,0,wake_vs_reflex,1.0,0.35,0.2,0.2,0.25,0.45,0.2,0.17,0.18
0.0,0,wake_vs_anxiety,1.0,0.35,0.2,0.2,0.25,0.45,0.2,0.17,0.18
0.0,0,wake_vs_nonwake,1.0,0.35,0.2,0.2,0.25,0.45,0.2,0.17,0.18
0.0,0,integrated_vs_low,1.0,0.35,0.2,0.2,0.25,0.45,0.2,0.17,0.18
0.05,0,wake_vs_deep_sleep,1.0,0.3595884616994587,0.19877756879504105,0.20717195839822766,0.2549342007264841,0.43173798065494423,0.2095124470327351,0.17443937493383602,0.18514915749498517
0.05,0,wake_vs_reflex,1.0,0.3595884616994587,0.19877756879504105,0.20717195839822766,0.2549342007264841,0.43173798065494423,0.2095124470327351,0.17443937493383602,0.18514915749498517
0.05,0,wake_vs_anxiety,1.0,0.3595884616994587,0.19877756879504105,0.20717195839822766,0.2549342007264841,0.43173798065494423,0.2095124470327351,0.17443937493383602,0.18514915749498517
0.05,0,wake_vs_nonwake,1.0,0.3595884616994587,0.19877756879504105,0.20717195839822766,0.2549342007264841,0.43173798065494423,0.2095124470327351,0.17443937493383602,0.18514915749498517
0.05,0,integrated_vs_low,1.0,0.3595884616994587,0.19877756879504105,0.20717195839822766,0.2549342007264841,0.43173798065494423,0.2095124470327351,0.17443937493383602,0.18514915749498517
0.05,1,wake_vs_deep_sleep,1.0,0.3369839771436441,0.19900771875791134,0.19741596048465163,0.26066912472121506,0.4564739304036299,0.20645523226541662,0.16903804138006465,0.17509029699212597
0.05,1,wake_vs_reflex,1.0,0.3369839771436441,0.19900771875791134,0.19741596048465163,0.26066912472121506,0.4564739304036299,0.20645523226541662,0.16903804138006465,0.17509029699212597
0.05,1,wake_vs_anxiety,1.0,0.3369839771436441,0.19900771875791134,0.19741596048465163,0.26066912472121506,0.4564739304036299,0.20645523226541662,0.16903804138006465,0.17509029699212597
0.05,1,wake_vs_nonwake,1.0,0.3369839771436441,0.19900771875791134,0.19741596048465163,0.26066912472121506,0.4564739304036299,0.20645523226541662,0.16903804138006465,0.17509029699212597
0.05,1,integrated_vs_low,1.0,0.3369839771436441,0.19900771875791134,0.19741596048465163,0.26066912472121506,0.4564739304036299,0.20645523226541662,0.16903804138006465,0.17509029699212597
0.05,2,wake_vs_deep_sleep,1.0,0.35191046754555416,0.19127634512208352,0.20655262343985165,0.2532916099780516,0.4616139483038418,0.19709051936259736,0.17800186641471338,0.18707618018379954
0.05,2,wake_vs_reflex,1.0,0.35191046754555416,0.19127634512208352,0.20655262343985165,0.2532916099780516,0.4616139483038418,0.19709051936259736,0.17800186641471338,0.18707618018379954
0.05,2,wake_vs_anxiety,1.0,0.35191046754555416,0.19127634512208352,0.20655262343985165,0.2532916099780516,0.4616139483038418,0.19709051936259736,0.17800186641471338,0.18707618018379954
0.05,2,wake_vs_nonwake,1.0,0.35191046754555416,0.19127634512208352,0.20655262343985165,0.2532916099780516,0.4616139483038418,0.19709051936259736,0.17800186641471338,0.18707618018379954
0.05,2,integrated_vs_low,1.0,0.35191046754555416,0.19127634512208352,0.20655262343985165,0.2532916099780516,0.4616139483038418,0.19709051936259736,0.17800186641471338,0.18707618018379954
0.05,3,wake_vs_deep_sleep,1.0,0.35974342239758167,0.19389277415703937,0.1993344200745407,0.23859509414468072,0.4344430271430397,0.20366097906484912,0.17416095665043288,0.1884151751838158
0.05,3,wake_vs_reflex,1.0,0.35974342239758167,0.19389277415703937,0.1993344200745407,0.23859509414468072,0.4344430271430397,0.20366097906484912,0.17416095665043288,0.1884151751838158
0.05,3,wake_vs_anxiety,1.0,0.35974342239758167,0.19389277415703937,0.1993344200745407,0.23859509414468072,0.4344430271430397,0.20366097906484912,0.17416095665043288,0.1884151751838158
0.05,3,wake_vs_nonwake,1.0,0.35974342239758167,0.19389277415703937,0.1993344200745407,0.23859509414468072,0.4344430271430397,0.20366097906484912,0.17416095665043288,0.1884151751838158
0.05,3,integrated_vs_low,1.0,0.35974342239758167,0.19389277415703937,0.1993344200745407,0.23859509414468072,0.4344430271430397,0.20366097906484912,0.17416095665043288,0.1884151751838158
0.05,4,wake_vs_deep_sleep,1.0,0.3439038875348353,0.19740919412069738,0.19939111622551617,0.24223678397710713,0.4333464677400962,0.19951409852451868,0.16535745893386505,0.1830566519042852
0.05,4,wake_vs_reflex,1.0,0.3439038875348353,0.19740919412069738,0.19939111622551617,0.24223678397710713,0.4333464677400962,0.19951409852451868,0.16535745893386505,0.1830566519042852
0.05,4,wake_vs_anxiety,1.0,0.3439038875348353,0.19740919412069738,0.19939111622551617,0.24223678397710713,0.4333464677400962,0.19951409852451868,0.16535745893386505,0.1830566519042852
0.05,4,wake_vs_nonwake,1.0,0.3439038875348353,0.19740919412069738,0.19939111622551617,0.24223678397710713,0.4333464677400962,0.19951409852451868,0.16535745893386505,0.1830566519042852
0.05,4,integrated_vs_low,1.0,0.3439038875348353,0.19740919412069738,0.19939111622551617,0.24223678397710713,0.4333464677400962,0.19951409852451868,0.16535745893386505,0.1830566519042852
0.05,5,wake_vs_deep_sleep,1.0,0.34780031716053156,0.20665356392115677,0.20400530204004497,0.24530916603455102,0.46495169106278406,0.20609528714993608,0.16808713244351298,0.17618990587074437
0.05,5,wake_vs_reflex,1.0,0.34780031716053156,0.20665356392115677,0.20400530204004497,0.24530916603455102,0.46495169106278406,0.20609528714993608,0.16808713244351298,0.17618990587074437
0.05,5,wake_vs_anxiety,1.0,0.34780031716053156,0.20665356392115677,0.20400530204004497,0.24530916603455102,0.46495169106278406,0.20609528714993608,0.16808713244351298,0.17618990587074437
0.05,5,wake_vs_nonwake,1.0,0.34780031716053156,0.20665356392115677,0.20400530204004497,0.24530916603455102,0.46495169106278406,0.20609528714993608,0.16808713244351298,0.17618990587074437
0.05,5,integrated_vs_low,1.0,0.34780031716053156,0.20665356392115677,0.20400530204004497,0.24530916603455102,0.46495169106278406,0.20609528714993608,0.16808713244351298,0.17618990587074437
0.05,6,wake_vs_deep_sleep,1.0,0.35638734263912414,0.1927950496721862,0.19399816404950218,0.23768405674377513,0.4629115969875962,0.20329701713184065,0.1734878114366477,0.18505312255839543
0.05,6,wake_vs_reflex,1.0,0.35638734263912414,0.1927950496721862,0.19399816404950218,0.23768405674377513,0.4629115969875962,0.20329701713184065,0.1734878114366477,0.18505312255839543
0.05,6,wake_vs_anxiety,1.0,0.35638734263912414,0.1927950496721862,0.19399816404950218,0.23768405674377513,0.4629115969875962,0.20329701713184065,0.1734878114366477,0.18505312255839543
0.05,6,wake_vs_nonwake,1.0,0.35638734263912414,0.1927950496721862,0.19399816404950218,0.23768405674377513,0.4629115969875962,0.20329701713184065,0.1734878114366477,0.18505312255839543
0.05,6,integrated_vs_low,1.0,0.35638734263912414,0.1927950496721862,0.19399816404950218,0.23768405674377513,0.4629115969875962,0.20329701713184065,0.1734878114366477,0.18505312255839543
0.05,7,wake_vs_deep_sleep,1.0,0.34856205214384184,0.20137482391905787,0.19279593996255318,0.24036325183839935,0.4575781332805713,0.19942192412286266,0.1711090138101802,0.18476997943348844
0.05,7,wake_vs_reflex,1.0,0.34856205214384184,0.20137482391905787,0.19279593996255318,0.24036325183839935,0.4575781332805713,0.19942192412286266,0.1711090138101802,0.18476997943348844
0.05,7,wake_vs_anxiety,1.0,0.34856205214384184,0.20137482391905787,0.19279593996255318,0.24036325183839935,0.4575781332805713,0.19942192412286266,0.1711090138101802,0.18476997943348844
0.05,7,wake_vs_nonwake,1.0,0.34856205214384184,0.20137482391905787,0.19279593996255318,0.24036325183839935,0.4575781332805713,0.19942192412286266,0.1711090138101802,0.18476997943348844
0.05,7,integrated_vs_low,1.0,0.34856205214384184,0.20137482391905787,0.19279593996255318,0.24036325183839935,0.4575781332805713,0.19942192412286266,0.1711090138101802,0.18476997943348844
0.1,0,wake_vs_deep_sleep,1.0,0.3594302824000413,0.20214317602631984,0.20236828642981655,0.2401975049031306,0.40777360511111455,0.1974686955692945,0.160295878875864,0.1767070311740869
0.1,0,wake_vs_reflex,1.0,0.3594302824000413,0.20214317602631984,0.20236828642981655,0.2401975049031306,0.40777360511111455,0.1974686955692945,0.160295878875864,0.1767070311740869
0.1,0,wake_vs_anxiety,1.0,0.3594302824000413,0.20214317602631984,0.20236828642981655,0.2401975049031306,0.40777360511111455,0.1974686955692945,0.160295878875864,0.1767070311740869
0.1,0,wake_vs_nonwake,1.0,0.3594302824000413,0.20214317602631984,0.20236828642981655,0.2401975049031306,0.40777360511111455,0.1974686955692945,0.160295878875864,0.1767070311740869
0.1,0,integrated_vs_low,1.0,0.3594302824000413,0.20214317602631984,0.20236828642981655,0.2401975049031306,0.40777360511111455,0.1974686955692945,0.160295878875864,0.1767070311740869
0.1,1,wake_vs_deep_sleep,1.0,0.3747382151287716,0.18935757943461362,0.18233210966756264,0.23906919460109982,0.43142343819900153,0.20647666058907582,0.17193909317960349,0.19022033552783088
0.1,1,wake_vs_reflex,1.0,0.3747382151287716,0.18935757943461362,0.18233210966756264,0.23906919460109982,0.43142343819900153,0.20647666058907582,0.17193909317960349,0.19022033552783088
0.1,1,wake_vs_anxiety,1.0,0.3747382151287716,0.18935757943461362,0.18233210966756264,0.23906919460109982,0.43142343819900153,0.20647666058907582,0.17193909317960349,0.19022033552783088
0.1,1,wake_vs_nonwake,1.0,0.3747382151287716,0.18935757943461362,0.18233210966756264,0.23906919460109982,0.43142343819900153,0.20647666058907582,0.17193909317960349,0.19022033552783088
0.1,1,integrated_vs_low,1.0,0.3747382151287716,0.18935757943461362,0.18233210966756264,0.23906919460109982,0.43142343819900153,0.20647666058907582,0.17193909317960349,0.19022033552783088
0.1,2,wake_vs_deep_sleep,1.0,0.3615019478229171,0.19625547445760283,0.2125608153866414,0.23334864599538518,0.40704408658204744,0.1836019144310257,0.17756021792027932,0.17862758028904993
0.1,2,wake_vs_reflex,1.0,0.3615019478229171,0.19625547445760283,0.2125608153866414,0.23334864599538518,0.40704408658204744,0.1836019144310257,0.17756021792027932,0.17862758028904993
0.1,2,wake_vs_anxiety,1.0,0.3615019478229171,0.19625547445760283,0.2125608153866414,0.23334864599538518,0.40704408658204744,0.1836019144310257,0.17756021792027932,0.17862758028904993
0.1,2,wake_vs_nonwake,1.0,0.3615019478229171,0.19625547445760283,0.2125608153866414,0.23334864599538518,0.40704408658204744,0.1836019144310257,0.17756021792027932,0.17862758028904993
0.1,2,integrated_vs_low,1.0,0.3615019478229171,0.19625547445760283,0.2125608153866414,0.23334864599538518,0.40704408658204744,0.1836019144310257,0.17756021792027932,0.17862758028904993
0.1,3,wake_vs_deep_sleep,1.0,0.3262890245323521,0.20004179100413455,0.18609248410852675,0.2598160187538868,0.44515406480166275,0.1952408490438593,0.1632514110310278,0.18469017335228
0.1,3,wake_vs_reflex,1.0,0.3262890245323521,0.20004179100413455,0.18609248410852675,0.2598160187538868,0.44515406480166275,0.1952408490438593,0.1632514110310278,0.18469017335228
0.1,3,wake_vs_anxiety,1.0,0.3262890245323521,0.20004179100413455,0.18609248410852675,0.2598160187538868,0.44515406480166275,0.1952408490438593,0.1632514110310278,0.18469017335228
0.1,3,wake_vs_nonwake,1.0,0.3262890245323521,0.20004179100413455,0.18609248410852675,0.2598160187538868,0.44515406480166275,0.1952408490438593,0.1632514110310278,0.18469017335228
0.1,3,integrated_vs_low,1.0,0.3262890245323521,0.20004179100413455,0.18609248410852675,0.2598160187538868,0.44515406480166275,0.1952408490438593,0.1632514110310278,0.18469017335228
0.1,4,wake_vs_deep_sleep,1.0,0.3403268827387373,0.18350599677264404,0.18472023608482063,0.2730948832274757,0.4867722621636847,0.20798828535242997,0.16203957868962368,0.19689034958451807
0.1,4,wake_vs_reflex,1.0,0.3403268827387373,0.18350599677264404,0.18472023608482063,0.2730948832274757,0.4867722621636847,0.20798828535242997,0.16203957868962368,0.19689034958451807
0.1,4,wake_vs_anxiety,1.0,0.3403268827387373,0.18350599677264404,0.18472023608482063,0.2730948832274757,0.4867722621636847,0.20798828535242997,0.16203957868962368,0.19689034958451807
0.1,4,wake_vs_nonwake,1.0,0.3403268827387373,0.18350599677264404,0.18472023608482063,0.2730948832274757,0.4867722621636847,0.20798828535242997,0.16203957868962368,0.19689034958451807
0.1,4,integrated_vs_low,1.0,0.3403268827387373,0.18350599677264404,0.18472023608482063,0.2730948832274757,0.4867722621636847,0.20798828535242997,0.16203957868962368,0.19689034958451807
0.1,5,wake_vs_deep_sleep,1.0,0.36951256327760557,0.20867560756635983,0.19797446008575156,0.23861207809225796,0.41367518659381497,0.2161040958617537,0.16849639385434279,0.16928508113262827
0.1,5,wake_vs_reflex,1.0,0.36951256327760557,0.20867560756635983,0.19797446008575156,0.23861207809225796,0.41367518659381497,0.2161040958617537,0.16849639385434279,0.16928508113262827
0.1,5,wake_vs_anxiety,1.0,0.36951256327760557,0.20867560756635983,0.19797446008575156,0.23861207809225796,0.41367518659381497,0.2161040958617537,0.16849639385434279,0.16928508113262827
0.1,5,wake_vs_nonwake,1.0,0.36951256327760557,0.20867560756635983,0.19797446008575156,0.23861207809225796,0.41367518659381497,0.2161040958617537,0.16849639385434279,0.16928508113262827
0.1,5,integrated_vs_low,1.0,0.36951256327760557,0.20867560756635983,0.19797446008575156,0.23861207809225796,0.41367518659381497,0.2161040958617537,0.16849639385434279,0.16928508113262827
0.1,6,wake_vs_deep_sleep,1.0,0.33641696369054563,0.20316878275767586,0.18707091131756926,0.2678307142046188,0.47326675768516896,0.20877851823803747,0.16769116335235354,0.18458311826528798
0.1,6,wake_vs_reflex,1.0,0.33641696369054563,0.20316878275767586,0.18707091131756926,0.2678307142046188,0.47326675768516896,0.20877851823803747,0.16769116335235354,0.18458311826528798
0.1,6,wake_vs_anxiety,1.0,0.33641696369054563,0.20316878275767586,0.18707091131756926,0.2678307142046188,0.47326675768516896,0.20877851823803747,0.16769116335235354,0.18458311826528798
0.1,6,wake_vs_nonwake,1.0,0.33641696369054563,0.20316878275767586,0.18707091131756926,0.2678307142046188,0.47326675768516896,0.20877851823803747,0.16769116335235354,0.18458311826528798
0.1,6,integrated_vs_low,1.0,0.33641696369054563,0.20316878275767586,0.18707091131756926,0.2678307142046188,0.47326675768516896,0.20877851823803747,0.16769116335235354,0.18458311826528798
0.1,7,wake_vs_deep_sleep,1.0,0.35588685782389146,0.20599386406219278,0.18337777284559556,0.24579037010853047,0.40874527564757035,0.19975963276978076,0.16421528121931472,0.1672028707991777
0.1,7,wake_vs_reflex,1.0,0.35588685782389146,0.20599386406219278,0.18337777284559556,0.24579037010853047,0.40874527564757035,0.19975963276978076,0.16421528121931472,0.1672028707991777
0.1,7,wake_vs_anxiety,1.0,0.35588685782389146,0.20599386406219278,0.18337777284559556,0.24579037010853047,0.40874527564757035,0.19975963276978076,0.16421528121931472,0.1672028707991777
0.1,7,wake_vs_nonwake,1.0,0.35588685782389146,0.20599386406219278,0.18337777284559556,0.24579037010853047,0.40874527564757035,0.19975963276978076,0.16421528121931472,0.1672028707991777
0.1,7,integrated_vs_low,1.0,0.35588685782389146,0.20599386406219278,0.18337777284559556,0.24579037010853047,0.40874527564757035,0.19975963276978076,0.16421528121931472,0.1672028707991777
0.2,0,wake_vs_deep_sleep,1.0,0.2944764154811572,0.20701156577421698,0.1736474374829509,0.2925120118376797,0.46459100514607116,0.187749584362787,0.17618225342073637,0.14564187871413822
0.2,0,wake_vs_reflex,1.0,0.2944764154811572,0.20701156577421698,0.1736474374829509,0.2925120118376797,0.46459100514607116,0.187749584362787,0.17618225342073637,0.14564187871413822
0.2,0,wake_vs_anxiety,1.0,0.2944764154811572,0.20701156577421698,0.1736474374829509,0.2925120118376797,0.46459100514607116,0.187749584362787,0.17618225342073637,0.14564187871413822
0.2,0,wake_vs_nonwake,1.0,0.2944764154811572,0.20701156577421698,0.1736474374829509,0.2925120118376797,0.46459100514607116,0.187749584362787,0.17618225342073637,0.14564187871413822
0.2,0,integrated_vs_low,1.0,0.2944764154811572,0.20701156577421698,0.1736474374829509,0.2925120118376797,0.46459100514607116,0.187749584362787,0.17618225342073637,0.14564187871413822
0.2,1,wake_vs_deep_sleep,1.0,0.4141982898538023,0.19858427495543204,0.22261881818002294,0.20827299999224386,0.4475984995508689,0.1992565595483617,0.19977219893829884,0.18516441977107742
0.2,1,wake_vs_reflex,1.0,0.4141982898538023,0.19858427495543204,0.22261881818002294,0.20827299999224386,0.4475984995508689,0.1992565595483617,0.19977219893829884,0.18516441977107742
0.2,1,wake_vs_anxiety,1.0,0.4141982898538023,0.19858427495543204,0.22261881818002294,0.20827299999224386,0.4475984995508689,0.1992565595483617,0.19977219893829884,0.18516441977107742
0.2,1,wake_vs_nonwake,1.0,0.4141982898538023,0.19858427495543204,0.22261881818002294,0.20827299999224386,0.4475984995508689,0.1992565595483617,0.19977219893829884,0.18516441977107742
0.2,1,integrated_vs_low,1.0,0.4141982898538023,0.19858427495543204,0.22261881818002294,0.20827299999224386,0.4475984995508689,0.1992565595483617,0.19977219893829884,0.18516441977107742
0.2,2,wake_vs_deep_sleep,1.0,0.3462885161479735,0.1813580530473515,0.18652551978740417,0.25206724024715377,0.4390040628549084,0.16172896639042644,0.19218785084521636,0.2085235755724632
0.2,2,wake_vs_reflex,1.0,0.3462885161479735,0.1813580530473515,0.18652551978740417,0.25206724024715377,0.4390040628549084,0.16172896639042644,0.19218785084521636,0.2085235755724632
0.2,2,wake_vs_anxiety,1.0,0.3462885161479735,0.1813580530473515,0.18652551978740417,0.25206724024715377,0.4390040628549084,0.16172896639042644,0.19218785084521636,0.2085235755724632
0.2,2,wake_vs_nonwake,1.0,0.3462885161479735,0.1813580530473515,0.18652551978740417,0.25206724024715377,0.4390040628549084,0.16172896639042644,0.19218785084521636,0.2085235755724632
0.2,2,integrated_vs_low,1.0,0.3462885161479735,0.1813580530473515,0.18652551978740417,0.25206724024715377,0.4390040628549084,0.16172896639042644,0.19218785084521636,0.2085235755724632
0.2,3,wake_vs_deep_sleep,1.0,0.2996348724598055,0.204322891483124,0.1686860592908355,0.26722400930398116,0.41062208109102155,0.21275381077535213,0.18543563377150804,0.19934261941807133
0.2,3,wake_vs_reflex,1.0,0.2996348724598055,0.204322891483124,0.1686860592908355,0.26722400930398116,0.41062208109102155,0.21275381077535213,0.18543563377150804,0.19934261941807133
0.2,3,wake_vs_anxiety,1.0,0.2996348724598055,0.204322891483124,0.1686860592908355,0.26722400930398116,0.41062208109102155,0.21275381077535213,0.18543563377150804,0.19934261941807133
0.2,3,wake_vs_nonwake,1.0,0.2996348724598055,0.204322891483124,0.1686860592908355,0.26722400930398116,0.41062208109102155,0.21275381077535213,0.18543563377150804,0.19934261941807133
0.2,3,integrated_vs_low,1.0,0.2996348724598055,0.204322891483124,0.1686860592908355,0.26722400930398116,0.41062208109102155,0.21275381077535213,0.18543563377150804,0.19934261941807133
0.2,4,wake_vs_deep_sleep,1.0,0.2950837324338255,0.23328094761100868,0.17841711927159049,0.20374125561761797,0.45987344449046696,0.18967378270899513,0.19242570253300412,0.20219410598862975
0.2,4,wake_vs_reflex,1.0,0.2950837324338255,0.23328094761100868,0.17841711927159049,0.20374125561761797,0.45987344449046696,0.18967378270899513,0.19242570253300412,0.20219410598862975
0.2,4,wake_vs_anxiety,1.0,0.2950837324338255,0.23328094761100868,0.17841711927159049,0.20374125561761797,0.45987344449046696,0.18967378270899513,0.19242570253300412,0.20219410598862975
0.2,4,wake_vs_nonwake,1.0,0.2950837324338255,0.23328094761100868,0.17841711927159049,0.20374125561761797,0.45987344449046696,0.18967378270899513,0.19242570253300412,0.20219410598862975
0.2,4,integrated_vs_low,1.0,0.2950837324338255,0.23328094761100868,0.17841711927159049,0.20374125561761797,0.45987344449046696,0.18967378270899513,0.19242570253300412,0.20219410598862975
0.2,5,wake_vs_deep_sleep,1.0,0.32439944499518014,0.23623195160557964,0.1832734270512095,0.2515057129231715,0.4060737163021685,0.23488348560391709,0.14719333159557726,0.14723356459624767
0.2,5,wake_vs_reflex,1.0,0.32439944499518014,0.23623195160557964,0.1832734270512095,0.2515057129231715,0.4060737163021685,0.23488348560391709,0.14719333159557726,0.14723356459624767
0.2,5,wake_vs_anxiety,1.0,0.32439944499518014,0.23623195160557964,0.1832734270512095,0.2515057129231715,0.4060737163021685,0.23488348560391709,0.14719333159557726,0.14723356459624767
0.2,5,wake_vs_nonwake,1.0,0.32439944499518014,0.23623195160557964,0.1832734270512095,0.2515057129231715,0.4060737163021685,0.23488348560391709,0.14719333159557726,0.14723356459624767
0.2,5,integrated_vs_low,1.0,0.32439944499518014,0.23623195160557964,0.1832734270512095,0.2515057129231715,0.4060737163021685,0.23488348560391709,0.14719333159557726,0.14723356459624767
0.2,6,wake_vs_deep_sleep,1.0,0.3409135884004253,0.23939004512446696,0.23133418130039313,0.27486080194569495,0.5203426483581345,0.23147573117582906,0.17128236850627854,0.1667468917318171
0.2,6,wake_vs_reflex,1.0,0.3409135884004253,0.23939004512446696,0.23133418130039313,0.27486080194569495,0.5203426483581345,0.23147573117582906,0.17128236850627854,0.1667468917318171
0.2,6,wake_vs_anxiety,1.0,0.3409135884004253,0.23939004512446696,0.23133418130039313,0.27486080194569495,0.5203426483581345,0.23147573117582906,0.17128236850627854,0.1667468917318171
0.2,6,wake_vs_nonwake,1.0,0.3409135884004253,0.23939004512446696,0.23133418130039313,0.27486080194569495,0.5203426483581345,0.23147573117582906,0.17128236850627854,0.1667468917318171
0.2,6,integrated_vs_low,1.0,0.3409135884004253,0.23939004512446696,0.23133418130039313,0.27486080194569495,0.5203426483581345,0.23147573117582906,0.17128236850627854,0.1667468917318171
0.2,7,wake_vs_deep_sleep,1.0,0.3880817404955383,0.2129329010534209,0.18989261830989682,0.20944666680615154,0.49442213004282465,0.1809968412738292,0.19970329423629699,0.1613498814004093
0.2,7,wake_vs_reflex,1.0,0.3880817404955383,0.2129329010534209,0.18989261830989682,0.20944666680615154,0.49442213004282465,0.1809968412738292,0.19970329423629699,0.1613498814004093
0.2,7,wake_vs_anxiety,1.0,0.3880817404955383,0.2129329010534209,0.18989261830989682,0.20944666680615154,0.49442213004282465,0.1809968412738292,0.19970329423629699,0.1613498814004093
0.2,7,wake_vs_nonwake,1.0,0.3880817404955383,0.2129329010534209,0.18989261830989682,0.20944666680615154,0.49442213004282465,0.1809968412738292,0.19970329423629699,0.1613498814004093
0.2,7,integrated_vs_low,1.0,0.3880817404955383,0.2129329010534209,0.18989261830989682,0.20944666680615154,0.49442213004282465,0.1809968412738292,0.19970329423629699,0.1613498814004093
0.3,0,wake_vs_deep_sleep,1.0,0.27077916580641204,0.23973352065498876,0.1583941179949393,0.20189024622366086,0.47683335371062774,0.24494744490049572,0.13903633590288647,0.15951495667321022
0.3,0,wake_vs_reflex,1.0,0.27077916580641204,0.23973352065498876,0.1583941179949393,0.20189024622366086,0.47683335371062774,0.24494744490049572,0.13903633590288647,0.15951495667321022
0.3,0,wake_vs_anxiety,1.0,0.27077916580641204,0.23973352065498876,0.1583941179949393,0.20189024622366086,0.47683335371062774,0.24494744490049572,0.13903633590288647,0.15951495667321022
0.3,0,wake_vs_nonwake,1.0,0.27077916580641204,0.23973352065498876,0.1583941179949393,0.20189024622366086,0.47683335371062774,0.24494744490049572,0.13903633590288647,0.15951495667321022
0.3,0,integrated_vs_low,1.0,0.27077916580641204,0.23973352065498876,0.1583941179949393,0.20189024622366086,0.47683335371062774,0.24494744490049572,0.13903633590288647,0.15951495667321022
0.3,1,wake_vs_deep_sleep,1.0,0.4082550160306473,0.2566191711273161,0.20008894234428107,0.19658462538268762,0.31876279768121446,0.16755872359986265,0.13244586621422513,0.1991871367501886
0.3,1,wake_vs_reflex,1.0,0.4082550160306473,0.2566191711273161,0.20008894234428107,0.19658462538268762,0.31876279768121446,0.16755872359986265,0.13244586621422513,0.1991871367501886
0.3,1,wake_vs_anxiety,1.0,0.4082550160306473,0.2566191711273161,0.20008894234428107,0.19658462538268762,0.31876279768121446,0.16755872359986265,0.13244586621422513,0.1991871367501886
0.3,1,wake_vs_nonwake,1.0,0.4082550160306473,0.2566191711273161,0.20008894234428107,0.19658462538268762,0.31876279768121446,0.16755872359986265,0.13244586621422513,0.1991871367501886
0.3,1,integrated_vs_low,1.0,0.4082550160306473,0.2566191711273161,0.20008894234428107,0.19658462538268762,0.31876279768121446,0.16755872359986265,0.13244586621422513,0.1991871367501886
0.3,2,wake_vs_deep_sleep,1.0,0.2705848259719915,0.20075959179447597,0.2233114922771464,0.26216749138313533,0.36893942594821555,0.23649494314187153,0.1919715272208118,0.2058102724228785
0.3,2,wake_vs_reflex,1.0,0.2705848259719915,0.20075959179447597,0.2233114922771464,0.26216749138313533,0.36893942594821555,0.23649494314187153,0.1919715272208118,0.2058102724228785
0.3,2,wake_vs_anxiety,1.0,0.2705848259719915,0.20075959179447597,0.2233114922771464,0.26216749138313533,0.36893942594821555,0.23649494314187153,0.1919715272208118,0.2058102724228785
0.3,2,wake_vs_nonwake,1.0,0.2705848259719915,0.20075959179447597,0.2233114922771464,0.26216749138313533,0.36893942594821555,0.23649494314187153,0.1919715272208118,0.2058102724228785
0.3,2,integrated_vs_low,1.0,0.2705848259719915,0.20075959179447597,0.2233114922771464,0.26216749138313533,0.36893942594821555,0.23649494314187153,0.1919715272208118,0.2058102724228785
0.3,3,wake_vs_deep_sleep,1.0,0.2725221278270358,0.15485045643804135,0.25130750612078095,0.2346367290737411,0.39625614678085375,0.198630085442184,0.18661214970188544,0.22920731176107273
0.3,3,wake_vs_reflex,1.0,0.2725221278270358,0.15485045643804135,0.25130750612078095,0.2346367290737411,0.39625614678085375,0.198630085442184,0.18661214970188544,0.22920731176107273
0.3,3,wake_vs_anxiety,1.0,0.2725221278270358,0.15485045643804135,0.25130750612078095,0.2346367290737411,0.39625614678085375,0.198630085442184,0.18661214970188544,0.22920731176107273
0.3,3,wake_vs_nonwake,1.0,0.2725221278270358,0.15485045643804135,0.25130750612078095,0.2346367290737411,0.39625614678085375,0.198630085442184,0.18661214970188544,0.22920731176107273
0.3,3,integrated_vs_low,1.0,0.2725221278270358,0.15485045643804135,0.25130750612078095,0.2346367290737411,0.39625614678085375,0.198630085442184,0.18661214970188544,0.22920731176107273
0.3,4,wake_vs_deep_sleep,1.0,0.30515370764523153,0.2509770115174433,0.1429831389663508,0.2582797063490237,0.48617328015389294,0.15270768845009042,0.13331463890051912,0.1712643464861608
0.3,4,wake_vs_reflex,1.0,0.30515370764523153,0.2509770115174433,0.1429831389663508,0.2582797063490237,0.48617328015389294,0.15270768845009042,0.13331463890051912,0.1712643464861608
0.3,4,wake_vs_anxiety,1.0,0.30515370764523153,0.2509770115174433,0.1429831389663508,0.2582797063490237,0.48617328015389294,0.15270768845009042,0.13331463890051912,0.1712643464861608
0.3,4,wake_vs_nonwake,1.0,0.30515370764523153,0.2509770115174433,0.1429831389663508,0.2582797063490237,0.48617328015389294,0.15270768845009042,0.13331463890051912,0.1712643464861608
0.3,4,integrated_vs_low,1.0,0.30515370764523153,0.2509770115174433,0.1429831389663508,0.2582797063490237,0.48617328015389294,0.15270768845009042,0.13331463890051912,0.1712643464861608
0.3,5,wake_vs_deep_sleep,1.0,0.4479087015500681,0.21152510638812477,0.25196278659202537,0.2956541373419456,0.4411930324199287,0.2341716139102625,0.12081935196565274,0.13778755165069936
0.3,5,wake_vs_reflex,1.0,0.4479087015500681,0.21152510638812477,0.25196278659202537,0.2956541373419456,0.4411930324199287,0.2341716139102625,0.12081935196565274,0.13778755165069936
0.3,5,wake_vs_anxiety,1.0,0.4479087015500681,0.21152510638812477,0.25196278659202537,0.2956541373419456,0.4411930324199287,0.2341716139102625,0.12081935196565274,0.13778755165069936
0.3,5,wake_vs_nonwake,1.0,0.4479087015500681,0.21152510638812477,0.25196278659202537,0.2956541373419456,0.4411930324199287,0.2341716139102625,0.12081935196565274,0.13778755165069936
0.3,5,integrated_vs_low,1.0,0.4479087015500681,0.21152510638812477,0.25196278659202537,0.2956541373419456,0.4411930324199287,0.2341716139102625,0.12081935196565274,0.13778755165069936
0.3,6,wake_vs_deep_sleep,1.0,0.4191800091253746,0.2356180505990194,0.16791688903597204,0.254615438589858,0.47862427158900295,0.24412867445312136,0.18051693004855004,0.17055772948155748
0.3,6,wake_vs_reflex,1.0,0.4191800091253746,0.2356180505990194,0.16791688903597204,0.254615438589858,0.47862427158900295,0.24412867445312136,0.18051693004855004,0.17055772948155748
0.3,6,wake_vs_anxiety,1.0,0.4191800091253746,0.2356180505990194,0.16791688903597204,0.254615438589858,0.47862427158900295,0.24412867445312136,0.18051693004855004,0.17055772948155748
0.3,6,wake_vs_nonwake,1.0,0.4191800091253746,0.2356180505990194,0.16791688903597204,0.254615438589858,0.47862427158900295,0.24412867445312136,0.18051693004855004,0.17055772948155748
0.3,6,integrated_vs_low,1.0,0.4191800091253746,0.2356180505990194,0.16791688903597204,0.254615438589858,0.47862427158900295,0.24412867445312136,0.18051693004855004,0.17055772948155748
0.3,7,wake_vs_deep_sleep,1.0,0.3235786491155084,0.1911058503648212,0.21823172306959693,0.3051235947628487,0.4375521581606009,0.169740747554163,0.1431395610257533,0.20656954226629223
0.3,7,wake_vs_reflex,1.0,0.3235786491155084,0.1911058503648212,0.21823172306959693,0.3051235947628487,0.4375521581606009,0.169740747554163,0.1431395610257533,0.20656954226629223
0.3,7,wake_vs_anxiety,1.0,0.3235786491155084,0.1911058503648212,0.21823172306959693,0.3051235947628487,0.4375521581606009,0.169740747554163,0.1431395610257533,0.20656954226629223
0.3,7,wake_vs_nonwake,1.0,0.3235786491155084,0.1911058503648212,0.21823172306959693,0.3051235947628487,0.4375521581606009,0.169740747554163,0.1431395610257533,0.20656954226629223
0.3,7,integrated_vs_low,1.0,0.3235786491155084,0.1911058503648212,0.21823172306959693,0.3051235947628487,0.4375521581606009,0.169740747554163,0.1431395610257533,0.20656954226629223
0.5,0,wake_vs_deep_sleep,1.0,0.46079906719836866,0.121055615970825,0.11331177139103564,0.27360841593911295,0.29077795988671423,0.2649328380912683,0.13775689456709267,0.11589694793480568
0.5,0,wake_vs_reflex,1.0,0.46079906719836866,0.121055615970825,0.11331177139103564,0.27360841593911295,0.29077795988671423,0.2649328380912683,0.13775689456709267,0.11589694793480568
0.5,0,wake_vs_anxiety,1.0,0.46079906719836866,0.121055615970825,0.11331177139103564,0.27360841593911295,0.29077795988671423,0.2649328380912683,0.13775689456709267,0.11589694793480568
0.5,0,wake_vs_nonwake,1.0,0.46079906719836866,0.121055615970825,0.11331177139103564,0.27360841593911295,0.29077795988671423,0.2649328380912683,0.13775689456709267,0.11589694793480568
0.5,0,integrated_vs_low,1.0,0.46079906719836866,0.121055615970825,0.11331177139103564,0.27360841593911295,0.29077795988671423,0.2649328380912683,0.13775689456709267,0.11589694793480568
0.5,1,wake_vs_deep_sleep,1.0,0.49733966537060753,0.13310634454705564,0.15694401646758713,0.16340334879801466,0.27697052864940974,0.10422960326728802,0.09441721955792423,0.12143546476845347
0.5,1,wake_vs_reflex,1.0,0.49733966537060753,0.13310634454705564,0.15694401646758713,0.16340334879801466,0.27697052864940974,0.10422960326728802,0.09441721955792423,0.12143546476845347
0.5,1,wake_vs_anxiety,1.0,0.49733966537060753,0.13310634454705564,0.15694401646758713,0.16340334879801466,0.27697052864940974,0.10422960326728802,0.09441721955792423,0.12143546476845347
0.5,1,wake_vs_nonwake,1.0,0.49733966537060753,0.13310634454705564,0.15694401646758713,0.16340334879801466,0.27697052864940974,0.10422960326728802,0.09441721955792423,0.12143546476845347
0.5,1,integrated_vs_low,1.0,0.49733966537060753,0.13310634454705564,0.15694401646758713,0.16340334879801466,0.27697052864940974,0.10422960326728802,0.09441721955792423,0.12143546476845347
0.5,2,wake_vs_deep_sleep,1.0,0.19368367641951137,0.21822876322219426,0.23614290535990126,0.22340761420800706,0.36809599362842227,0.20090524740444604,0.23375084017988348,0.24320369282799706
0.5,2,wake_vs_reflex,1.0,0.19368367641951137,0.21822876322219426,0.23614290535990126,0.22340761420800706,0.36809599362842227,0.20090524740444604,0.23375084017988348,0.24320369282799706
0.5,2,wake_vs_anxiety,1.0,0.19368367641951137,0.21822876322219426,0.23614290535990126,0.22340761420800706,0.36809599362842227,0.20090524740444604,0.23375084017988348,0.24320369282799706
0.5,2,wake_vs_nonwake,1.0,0.19368367641951137,0.21822876322219426,0.23614290535990126,0.22340761420800706,0.36809599362842227,0.20090524740444604,0.23375084017988348,0.24320369282799706
0.5,2,integrated_vs_low,1.0,0.19368367641951137,0.21822876322219426,0.23614290535990126,0.22340761420800706,0.36809599362842227,0.20090524740444604,0.23375084017988348,0.24320369282799706
0.5,3,wake_vs_deep_sleep,1.0,0.19021627170447716,0.13629968191930483,0.1473489742208792,0.18734689395805296,0.48205469328424777,0.18325248514063847,0.09337320038769098,0.1572505449227229
0.5,3,wake_vs_reflex,1.0,0.19021627170447716,0.13629968191930483,0.1473489742208792,0.18734689395805296,0.48205469328424777,0.18325248514063847,0.09337320038769098,0.1572505449227229
0.5,3,wake_vs_anxiety,1.0,0.19021627170447716,0.13629968191930483,0.1473489742208792,0.18734689395805296,0.48205469328424777,0.18325248514063847,0.09337320038769098,0.1572505449227229
0.5,3,wake_vs_nonwake,1.0,0.19021627170447716,0.13629968191930483,0.1473489742208792,0.18734689395805296,0.48205469328424777,0.18325248514063847,0.09337320038769098,0.1572505449227229
0.5,3,integrated_vs_low,1.0,0.19021627170447716,0.13629968191930483,0.1473489742208792,0.18734689395805296,0.48205469328424777,0.18325248514063847,0.09337320038769098,0.1572505449227229
0.5,4,wake_vs_deep_sleep,1.0,0.35831353205117306,0.1203343805807432,0.266691710757712,0.13799046661627606,0.6411788410581281,0.11982262831597511,0.22840774177161802,0.25247756590697107
0.5,4,wake_vs_reflex,1.0,0.35831353205117306,0.1203343805807432,0.266691710757712,0.13799046661627606,0.6411788410581281,0.11982262831597511,0.22840774177161802,0.25247756590697107
0.5,4,wake_vs_anxiety,1.0,0.35831353205117306,0.1203343805807432,0.266691710757712,0.13799046661627606,0.6411788410581281,0.11982262831597511,0.22840774177161802,0.25247756590697107
0.5,4,wake_vs_nonwake,1.0,0.35831353205117306,0.1203343805807432,0.266691710757712,0.13799046661627606,0.6411788410581281,0.11982262831597511,0.22840774177161802,0.25247756590697107
0.5,4,integrated_vs_low,1.0,0.35831353205117306,0.1203343805807432,0.266691710757712,0.13799046661627606,0.6411788410581281,0.11982262831597511,0.22840774177161802,0.25247756590697107
0.5,5,wake_vs_deep_sleep,1.0,0.5178497382053074,0.26040517605471875,0.2558955081542658,0.2856208189988869,0.575548359560158,0.1269104416826294,0.17613156611109834,0.18256011663427463
0.5,5,wake_vs_reflex,1.0,0.5178497382053074,0.26040517605471875,0.2558955081542658,0.2856208189988869,0.575548359560158,0.1269104416826294,0.17613156611109834,0.18256011663427463
0.5,5,wake_vs_anxiety,1.0,0.5178497382053074,0.26040517605471875,0.2558955081542658,0.2856208189988869,0.575548359560158,0.1269104416826294,0.17613156611109834,0.18256011663427463
0.5,5,wake_vs_nonwake,1.0,0.5178497382053074,0.26040517605471875,0.2558955081542658,0.2856208189988869,0.575548359560158,0.1269104416826294,0.17613156611109834,0.18256011663427463
0.5,5,integrated_vs_low,1.0,0.5178497382053074,0.26040517605471875,0.2558955081542658,0.2856208189988869,0.575548359560158,0.1269104416826294,0.17613156611109834,0.18256011663427463
0.5,6,wake_vs_deep_sleep,1.0,0.47515025044289516,0.19255987311870318,0.17701789922007072,0.2848908178092775,0.3449084928753807,0.12795368219079137,0.1662391365840368,0.16504008634707928
0.5,6,wake_vs_reflex,1.0,0.47515025044289516,0.19255987311870318,0.17701789922007072,0.2848908178092775,0.3449084928753807,0.12795368219079137,0.1662391365840368,0.16504008634707928
0.5,6,wake_vs_anxiety,1.0,0.47515025044289516,0.19255987311870318,0.17701789922007072,0.2848908178092775,0.3449084928753807,0.12795368219079137,0.1662391365840368,0.16504008634707928
0.5,6,wake_vs_nonwake,1.0,0.47515025044289516,0.19255987311870318,0.17701789922007072,0.2848908178092775,0.3449084928753807,0.12795368219079137,0.1662391365840368,0.16504008634707928
0.5,6,integrated_vs_low,1.0,0.47515025044289516,0.19255987311870318,0.17701789922007072,0.2848908178092775,0.3449084928753807,0.12795368219079137,0.1662391365840368,0.16504008634707928
0.5,7,wake_vs_deep_sleep,1.0,0.2563994791851058,0.1735023620230256,0.1732784899652495,0.20687389110313636,0.395758835877118,0.2371486690911891,0.1354690006771185,0.26079442680876125
0.5,7,wake_vs_reflex,1.0,0.2563994791851058,0.1735023620230256,0.1732784899652495,0.20687389110313636,0.395758835877118,0.2371486690911891,0.1354690006771185,0.26079442680876125
0.5,7,wake_vs_anxiety,1.0,0.2563994791851058,0.1735023620230256,0.1732784899652495,0.20687389110313636,0.395758835877118,0.2371486690911891,0.1354690006771185,0.26079442680876125
0.5,7,wake_vs_nonwake,1.0,0.2563994791851058,0.1735023620230256,0.1732784899652495,0.20687389110313636,0.395758835877118,0.2371486690911891,0.1354690006771185,0.26079442680876125
0.5,7,integrated_vs_low,1.0,0.2563994791851058,0.1735023620230256,0.1732784899652495,0.20687389110313636,0.395758835877118,0.2371486690911891,0.1354690006771185,0.26079442680876125
0.75,0,wake_vs_deep_sleep,1.0,0.5685827102575434,0.19427312849002357,0.14850836150140664,0.2632880461862512,0.6852783299221966,0.24577620216803064,0.24761991612650475,0.18883501453774984
0.75,0,wake_vs_reflex,1.0,0.5685827102575434,0.19427312849002357,0.14850836150140664,0.2632880461862512,0.6852783299221966,0.24577620216803064,0.24761991612650475,0.18883501453774984
0.75,0,wake_vs_anxiety,1.0,0.5685827102575434,0.19427312849002357,0.14850836150140664,0.2632880461862512,0.6852783299221966,0.24577620216803064,0.24761991612650475,0.18883501453774984
0.75,0,wake_vs_nonwake,1.0,0.5685827102575434,0.19427312849002357,0.14850836150140664,0.2632880461862512,0.6852783299221966,0.24577620216803064,0.24761991612650475,0.18883501453774984
0.75,0,integrated_vs_low,1.0,0.5685827102575434,0.19427312849002357,0.14850836150140664,0.2632880461862512,0.6852783299221966,0.24577620216803064,0.24761991612650475,0.18883501453774984
0.75,1,wake_vs_deep_sleep,1.0,0.4197817553655009,0.13644668425473852,0.2704679486930872,0.13840172242214438,0.5814887369524864,0.30821572049776824,0.07618622351189372,0.21088252994631834
0.75,1,wake_vs_reflex,1.0,0.4197817553655009,0.13644668425473852,0.2704679486930872,0.13840172242214438,0.5814887369524864,0.30821572049776824,0.07618622351189372,0.21088252994631834
0.75,1,wake_vs_anxiety,1.0,0.4197817553655009,0.13644668425473852,0.2704679486930872,0.13840172242214438,0.5814887369524864,0.30821572049776824,0.07618622351189372,0.21088252994631834
0.75,1,wake_vs_nonwake,1.0,0.4197817553655009,0.13644668425473852,0.2704679486930872,0.13840172242214438,0.5814887369524864,0.30821572049776824,0.07618622351189372,0.21088252994631834
0.75,1,integrated_vs_low,1.0,0.4197817553655009,0.13644668425473852,0.2704679486930872,0.13840172242214438,0.5814887369524864,0.30821572049776824,0.07618622351189372,0.21088252994631834
0.75,2,wake_vs_deep_sleep,1.0,0.13742526782071565,0.26771468848142804,0.07534796564705606,0.41347743351273475,0.20525035277551645,0.3376640737727241,0.24672546490169966,0.2052941412059156
0.75,2,wake_vs_reflex,1.0,0.13742526782071565,0.26771468848142804,0.07534796564705606,0.41347743351273475,0.20525035277551645,0.3376640737727241,0.24672546490169966,0.2052941412059156
0.75,2,wake_vs_anxiety,1.0,0.13742526782071565,0.26771468848142804,0.07534796564705606,0.41347743351273475,0.20525035277551645,0.3376640737727241,0.24672546490169966,0.2052941412059156
0.75,2,wake_vs_nonwake,1.0,0.13742526782071565,0.26771468848142804,0.07534796564705606,0.41347743351273475,0.20525035277551645,0.3376640737727241,0.24672546490169966,0.2052941412059156
0.75,2,integrated_vs_low,1.0,0.13742526782071565,0.26771468848142804,0.07534796564705606,0.41347743351273475,0.20525035277551645,0.3376640737727241,0.24672546490169966,0.2052941412059156
0.75,3,wake_vs_deep_sleep,1.0,0.49837765493051206,0.28853445169492575,0.3338081188451991,0.1575187576896952,0.5108012293668588,0.07851475926932037,0.19962225350615093,0.09124865210505298
0.75,3,wake_vs_reflex,1.0,0.49837765493051206,0.28853445169492575,0.3338081188451991,0.1575187576896952,0.5108012293668588,0.07851475926932037,0.19962225350615093,0.09124865210505298
0.75,3,wake_vs_anxiety,1.0,0.49837765493051206,0.28853445169492575,0.3338081188451991,0.1575187576896952,0.5108012293668588,0.07851475926932037,0.19962225350615093,0.09124865210505298
0.75,3,wake_vs_nonwake,1.0,0.49837765493051206,0.28853445169492575,0.3338081188451991,0.1575187576896952,0.5108012293668588,0.07851475926932037,0.19962225350615093,0.09124865210505298
0.75,3,integrated_vs_low,1.0,0.49837765493051206,0.28853445169492575,0.3338081188451991,0.1575187576896952,0.5108012293668588,0.07851475926932037,0.19962225350615093,0.09124865210505298
0.75,4,wake_vs_deep_sleep,1.0,0.3840990710230319,0.2217291542101549,0.1897955458943682,0.25848691581742106,0.6281482882544468,0.28977341495362,0.16799906997173444,0.2068902292111053
0.75,4,wake_vs_reflex,1.0,0.3840990710230319,0.2217291542101549,0.1897955458943682,0.25848691581742106,0.6281482882544468,0.28977341495362,0.16799906997173444,0.2068902292111053
0.75,4,wake_vs_anxiety,1.0,0.3840990710230319,0.2217291542101549,0.1897955458943682,0.25848691581742106,0.6281482882544468,0.28977341495362,0.16799906997173444,0.2068902292111053
0.75,4,wake_vs_nonwake,1.0,0.3840990710230319,0.2217291542101549,0.1897955458943682,0.25848691581742106,0.6281482882544468,0.28977341495362,0.16799906997173444,0.2068902292111053
0.75,4,integrated_vs_low,1.0,0.3840990710230319,0.2217291542101549,0.1897955458943682,0.25848691581742106,0.6281482882544468,0.28977341495362,0.16799906997173444,0.2068902292111053
0.75,5,wake_vs_deep_sleep,1.0,0.5763990237373035,0.08592007655033684,0.08513106977003315,0.09539087946653815,0.5565577174023563,0.17558249023711384,0.23995196111617004,0.22623248159332002
0.75,5,wake_vs_reflex,1.0,0.5763990237373035,0.08592007655033684,0.08513106977003315,0.09539087946653815,0.5565577174023563,0.17558249023711384,0.23995196111617004,0.22623248159332002
0.75,5,wake_vs_anxiety,1.0,0.5763990237373035,0.08592007655033684,0.08513106977003315,0.09539087946653815,0.5565577174023563,0.17558249023711384,0.23995196111617004,0.22623248159332002
0.75,5,wake_vs_nonwake,1.0,0.5763990237373035,0.08592007655033684,0.08513106977003315,0.09539087946653815,0.5565577174023563,0.17558249023711384,0.23995196111617004,0.22623248159332002
0.75,5,integrated_vs_low,1.0,0.5763990237373035,0.08592007655033684,0.08513106977003315,0.09539087946653815,0.5565577174023563,0.17558249023711384,0.23995196111617004,0.22623248159332002
0.75,6,wake_vs_deep_sleep,1.0,0.262659823122325,0.31950996420846073,0.2787596441211957,0.1639506028413159,0.35832961199613644,0.1443319940612789,0.08269097039937492,0.08490151058639173
0.75,6,wake_vs_reflex,1.0,0.262659823122325,0.31950996420846073,0.2787596441211957,0.1639506028413159,0.35832961199613644,0.1443319940612789,0.08269097039937492,0.08490151058639173
0.75,6,wake_vs_anxiety,1.0,0.262659823122325,0.31950996420846073,0.2787596441211957,0.1639506028413159,0.35832961199613644,0.1443319940612789,0.08269097039937492,0.08490151058639173
0.75,6,wake_vs_nonwake,1.0,0.262659823122325,0.31950996420846073,0.2787596441211957,0.1639506028413159,0.35832961199613644,0.1443319940612789,0.08269097039937492,0.08490151058639173
0.75,6,integrated_vs_low,1.0,0.262659823122325,0.31950996420846073,0.2787596441211957,0.1639506028413159,0.35832961199613644,0.1443319940612789,0.08269097039937492,0.08490151058639173
0.75,7,wake_vs_deep_sleep,1.0,0.5789669182722657,0.18137121115962598,0.16499594683322294,0.3361321407540167,0.4857703190457075,0.3308419960515387,0.241476880946895,0.17442978231362588
0.75,7,wake_vs_reflex,1.0,0.5789669182722657,0.18137121115962598,0.16499594683322294,0.3361321407540167,0.4857703190457075,0.3308419960515387,0.241476880946895,0.17442978231362588
0.75,7,wake_vs_anxiety,1.0,0.5789669182722657,0.18137121115962598,0.16499594683322294,0.3361321407540167,0.4857703190457075,0.3308419960515387,0.241476880946895,0.17442978231362588
0.75,7,wake_vs_nonwake,1.0,0.5789669182722657,0.18137121115962598,0.16499594683322294,0.3361321407540167,0.4857703190457075,0.3308419960515387,0.241476880946895,0.17442978231362588
0.75,7,integrated_vs_low,1.0,0.5789669182722657,0.18137121115962598,0.16499594683322294,0.3361321407540167,0.4857703190457075,0.3308419960515387,0.241476880946895,0.17442978231362588
1.0,0,wake_vs_deep_sleep,1.0,0.26345163143657835,0.39465261796972884,0.2871040944014574,0.47559733000192056,0.10663071949533723,0.34021347167631305,0.2166051205570106,0.043891804200640525
1.0,0,wake_vs_reflex,1.0,0.26345163143657835,0.39465261796972884,0.2871040944014574,0.47559733000192056,0.10663071949533723,0.34021347167631305,0.2166051205570106,0.043891804200640525
1.0,0,wake_vs_anxiety,1.0,0.26345163143657835,0.39465261796972884,0.2871040944014574,0.47559733000192056,0.10663071949533723,0.34021347167631305,0.2166051205570106,0.043891804200640525
1.0,0,wake_vs_nonwake,1.0,0.26345163143657835,0.39465261796972884,0.2871040944014574,0.47559733000192056,0.10663071949533723,0.34021347167631305,0.2166051205570106,0.043891804200640525
1.0,0,integrated_vs_low,1.0,0.26345163143657835,0.39465261796972884,0.2871040944014574,0.47559733000192056,0.10663071949533723,0.34021347167631305,0.2166051205570106,0.043891804200640525
1.0,1,wake_vs_deep_sleep,1.0,0.41178059997845445,0.27443854604217954,0.004921074355441136,0.22715898092087328,0.7428595600766891,0.11814361013763595,0.1559063478115074,0.15923308574444153
1.0,1,wake_vs_reflex,1.0,0.41178059997845445,0.27443854604217954,0.004921074355441136,0.22715898092087328,0.7428595600766891,0.11814361013763595,0.1559063478115074,0.15923308574444153
1.0,1,wake_vs_anxiety,1.0,0.41178059997845445,0.27443854604217954,0.004921074355441136,0.22715898092087328,0.7428595600766891,0.11814361013763595,0.1559063478115074,0.15923308574444153
1.0,1,wake_vs_nonwake,1.0,0.41178059997845445,0.27443854604217954,0.004921074355441136,0.22715898092087328,0.7428595600766891,0.11814361013763595,0.1559063478115074,0.15923308574444153
1.0,1,integrated_vs_low,1.0,0.41178059997845445,0.27443854604217954,0.004921074355441136,0.22715898092087328,0.7428595600766891,0.11814361013763595,0.1559063478115074,0.15923308574444153
1.0,2,wake_vs_deep_sleep,1.0,0.2113491740097441,0.36737675820622173,0.3125176141726064,0.05529420549805525,0.8973311920538157,0.3516800097230981,0.09652886887377325,0.30128276867793774
1.0,2,wake_vs_reflex,1.0,0.2113491740097441,0.36737675820622173,0.3125176141726064,0.05529420549805525,0.8973311920538157,0.3516800097230981,0.09652886887377325,0.30128276867793774
1.0,2,wake_vs_anxiety,1.0,0.2113491740097441,0.36737675820622173,0.3125176141726064,0.05529420549805525,0.8973311920538157,0.3516800097230981,0.09652886887377325,0.30128276867793774
1.0,2,wake_vs_nonwake,1.0,0.2113491740097441,0.36737675820622173,0.3125176141726064,0.05529420549805525,0.8973311920538157,0.3516800097230981,0.09652886887377325,0.30128276867793774
1.0,2,integrated_vs_low,1.0,0.2113491740097441,0.36737675820622173,0.3125176141726064,0.05529420549805525,0.8973311920538157,0.3516800097230981,0.09652886887377325,0.30128276867793774
1.0,3,wake_vs_deep_sleep,1.0,0.074493672309968,0.3996418921896955,0.2662738944426148,0.3250625077793985,0.08139665428571947,0.3588133595586501,0.009859831089519605,0.08669810089481293
1.0,3,wake_vs_reflex,1.0,0.074493672309968,0.3996418921896955,0.2662738944426148,0.3250625077793985,0.08139665428571947,0.3588133595586501,0.009859831089519605,0.08669810089481293
1.0,3,wake_vs_anxiety,0.9722222222222223,0.074493672309968,0.3996418921896955,0.2662738944426148,0.3250625077793985,0.08139665428571947,0.3588133595586501,0.009859831089519605,0.08669810089481293
1.0,3,wake_vs_nonwake,0.9907407407407407,0.074493672309968,0.3996418921896955,0.2662738944426148,0.3250625077793985,0.08139665428571947,0.3588133595586501,0.009859831089519605,0.08669810089481293
1.0,3,integrated_vs_low,1.0,0.074493672309968,0.3996418921896955,0.2662738944426148,0.3250625077793985,0.08139665428571947,0.3588133595586501,0.009859831089519605,0.08669810089481293
1.0,4,wake_vs_deep_sleep,1.0,0.1001153126166445,0.31070717627688743,0.07928169088515916,0.45531911356544263,0.5906421353947412,0.014465084197878487,0.001846143603758157,0.01859685012518361
1.0,4,wake_vs_reflex,1.0,0.1001153126166445,0.31070717627688743,0.07928169088515916,0.45531911356544263,0.5906421353947412,0.014465084197878487,0.001846143603758157,0.01859685012518361
1.0,4,wake_vs_anxiety,1.0,0.1001153126166445,0.31070717627688743,0.07928169088515916,0.45531911356544263,0.5906421353947412,0.014465084197878487,0.001846143603758157,0.01859685012518361
1.0,4,wake_vs_nonwake,1.0,0.1001153126166445,0.31070717627688743,0.07928169088515916,0.45531911356544263,0.5906421353947412,0.014465084197878487,0.001846143603758157,0.01859685012518361
1.0,4,integrated_vs_low,1.0,0.1001153126166445,0.31070717627688743,0.07928169088515916,0.45531911356544263,0.5906421353947412,0.014465084197878487,0.001846143603758157,0.01859685012518361
1.0,5,wake_vs_deep_sleep,1.0,0.42414762435340936,0.3205927243437661,0.09542112825095539,0.4247044214615365,0.051508746137934346,0.32038554145667053,0.3154504462585754,0.27795902367757697
1.0,5,wake_vs_reflex,1.0,0.42414762435340936,0.3205927243437661,0.09542112825095539,0.4247044214615365,0.051508746137934346,0.32038554145667053,0.3154504462585754,0.27795902367757697
1.0,5,wake_vs_anxiety,1.0,0.42414762435340936,0.3205927243437661,0.09542112825095539,0.4247044214615365,0.051508746137934346,0.32038554145667053,0.3154504462585754,0.27795902367757697
1.0,5,wake_vs_nonwake,1.0,0.42414762435340936,0.3205927243437661,0.09542112825095539,0.4247044214615365,0.051508746137934346,0.32038554145667053,0.3154504462585754,0.27795902367757697
1.0,5,integrated_vs_low,1.0,0.42414762435340936,0.3205927243437661,0.09542112825095539,0.4247044214615365,0.051508746137934346,0.32038554145667053,0.3154504462585754,0.27795902367757697
1.0,6,wake_vs_deep_sleep,1.0,0.488684548785046,0.33519208746215323,0.016060519818826568,0.10089105535952769,0.11243131137507877,0.20181239607719462,0.25336396363180713,0.22680426404750353
1.0,6,wake_vs_reflex,1.0,0.488684548785046,0.33519208746215323,0.016060519818826568,0.10089105535952769,0.11243131137507877,0.20181239607719462,0.25336396363180713,0.22680426404750353
1.0,6,wake_vs_anxiety,1.0,0.488684548785046,0.33519208746215323,0.016060519818826568,0.10089105535952769,0.11243131137507877,0.20181239607719462,0.25336396363180713,0.22680426404750353
1.0,6,wake_vs_nonwake,1.0,0.488684548785046,0.33519208746215323,0.016060519818826568,0.10089105535952769,0.11243131137507877,0.20181239607719462,0.25336396363180713,0.22680426404750353
1.0,6,integrated_vs_low,1.0,0.488684548785046,0.33519208746215323,0.016060519818826568,0.10089105535952769,0.11243131137507877,0.20181239607719462,0.25336396363180713,0.22680426404750353
1.0,7,wake_vs_deep_sleep,1.0,0.5957917698333545,0.06208519697643636,0.29384843677406464,0.09652074543445205,0.24368287618602022,0.28396187891252156,0.33326962686555184,0.22015569815174504
1.0,7,wake_vs_reflex,1.0,0.5957917698333545,0.06208519697643636,0.29384843677406464,0.09652074543445205,0.24368287618602022,0.28396187891252156,0.33326962686555184,0.22015569815174504
1.0,7,wake_vs_anxiety,1.0,0.5957917698333545,0.06208519697643636,0.29384843677406464,0.09652074543445205,0.24368287618602022,0.28396187891252156,0.33326962686555184,0.22015569815174504
1.0,7,wake_vs_nonwake,1.0,0.5957917698333545,0.06208519697643636,0.29384843677406464,0.09652074543445205,0.24368287618602022,0.28396187891252156,0.33326962686555184,0.22015569815174504
1.0,7,integrated_vs_low,1.0,0.5957917698333545,0.06208519697643636,0.29384843677406464,0.09652074543445205,0.24368287618602022,0.28396187891252156,0.33326962686555184,0.22015569815174504
