trial,scenario,frac_arriscada,sucesso_coordenacao,payoff_medio,prob_media_arriscada,P_u_na_decisao,R_a_na_decisao,K_ck_na_decisao,M_medio_na_decisao
0,privado,0.125,False,0.875,0.0492825471616315,0.0,0.0,0.0,1.4536119049740301
1,privado,0.125,False,0.875,0.048875479206703404,0.0,0.0,0.0,1.4526682098369954
2,privado,0.125,False,0.875,0.04957280531507571,0.0,0.0,0.0,1.4542988206891696
3,privado,0.125,False,0.875,0.05012171088002933,0.0,0.0,0.0,1.4556565484324322
4,privado,0.0,False,1.0,0.04977679422575294,0.0,0.0,0.0,1.4547716023982116
5,privado,0.0,False,1.0,0.04806373822616024,0.0,0.0,0.0,1.4511802969410936
6,privado,0.125,False,0.875,0.04775377649028403,0.0,0.0,0.0,1.450485110701456
7,privado,0.125,False,0.875,0.049750421741221025,0.0,0.0,0.0,1.4547610576639198
8,privado,0.0,False,1.0,0.05057789819383935,0.0,0.0,0.0,1.4566182968608934
9,privado,0.0,False,1.0,0.04889939214492165,0.0,0.0,0.0,1.4529180586186077
10,privado,0.0,False,1.0,0.04799247375470567,0.0,0.0,0.0,1.4508605378287385
11,privado,0.25,False,0.75,0.048924120359385814,0.0,0.0,0.0,1.4531026357319075
12,privado,0.125,False,0.875,0.04780143449185924,0.0,0.0,0.0,1.450506730050972
13,privado,0.0,False,1.0,0.049167689976740106,0.0,0.0,0.0,1.453491706019841
14,privado,0.0,False,1.0,0.04868654631823151,0.0,0.0,0.0,1.452538248928556
15,privado,0.0,False,1.0,0.0509051359936675,0.0,0.0,0.0,1.457288692292152
16,privado,0.125,False,0.875,0.04878748953176529,0.0,0.0,0.0,1.4528316976604274
17,privado,0.25,False,0.75,0.049410173537045285,0.0,0.0,0.0,1.4541257734218107
18,privado,0.0,False,1.0,0.051036305908796195,0.0,0.0,0.0,1.457656897308034
19,privado,0.125,False,0.875,0.04967383978519867,0.0,0.0,0.0,1.4546898514608086
20,privado,0.0,False,1.0,0.04815518247640242,0.0,0.0,0.0,1.4514231832947435
21,privado,0.0,False,1.0,0.04927367819788925,0.0,0.0,0.0,1.4536672802456625
22,privado,0.25,False,0.75,0.04910844883727585,0.0,0.0,0.0,1.453420713821659
23,privado,0.0,False,1.0,0.05157763387926877,0.0,0.0,0.0,1.4587715406909008
24,privado,0.0,False,1.0,0.05161567114912453,0.0,0.0,0.0,1.4586646318498762
25,privado,0.0,False,1.0,0.04899188305240321,0.0,0.0,0.0,1.4531210636549825
26,privado,0.0,False,1.0,0.051759275749175535,0.0,0.0,0.0,1.459023318861743
27,privado,0.0,False,1.0,0.050289119834278743,0.0,0.0,0.0,1.455975692393539
28,privado,0.0,False,1.0,0.04899976273706448,0.0,0.0,0.0,1.4531606704114437
29,privado,0.125,False,0.875,0.048289038480541974,0.0,0.0,0.0,1.4517437526836472
30,privado,0.0,False,1.0,0.051298194281499995,0.0,0.0,0.0,1.4580951278444645
31,privado,0.125,False,0.875,0.049345212769513494,0.0,0.0,0.0,1.453931341427521
32,privado,0.0,False,1.0,0.04840171025860077,0.0,0.0,0.0,1.451844924909409
33,privado,0.0,False,1.0,0.049864675241220874,0.0,0.0,0.0,1.4550236578024183
34,privado,0.0,False,1.0,0.04832653603186492,0.0,0.0,0.0,1.451759624223579
35,privado,0.125,False,0.875,0.05066292989772778,0.0,0.0,0.0,1.456873582049158
36,privado,0.125,False,0.875,0.0512909349306853,0.0,0.0,0.0,1.4581739813552992
37,privado,0.0,False,1.0,0.05082871675231555,0.0,0.0,0.0,1.4568587778190953
38,privado,0.0,False,1.0,0.04987371743687933,0.0,0.0,0.0,1.4549888963066557
39,privado,0.0,False,1.0,0.04850812193751886,0.0,0.0,0.0,1.4521075975832574
40,privado,0.0,False,1.0,0.050335570575934144,0.0,0.0,0.0,1.4561351908266997
41,privado,0.0,False,1.0,0.04944694182908778,0.0,0.0,0.0,1.4541293750504711
42,privado,0.25,False,0.75,0.04920388193714675,0.0,0.0,0.0,1.4537464838256442
43,privado,0.0,False,1.0,0.0489765379177593,0.0,0.0,0.0,1.4531987773031074
44,privado,0.0,False,1.0,0.048415396612746464,0.0,0.0,0.0,1.4518599711716655
45,privado,0.0,False,1.0,0.04931775724330075,0.0,0.0,0.0,1.4534148369819158
46,privado,0.0,False,1.0,0.048989011389515724,0.0,0.0,0.0,1.4532563558377678
47,privado,0.25,False,0.75,0.04978493771202899,0.0,0.0,0.0,1.4549105017035613
48,privado,0.125,False,0.875,0.050254310576200584,0.0,0.0,0.0,1.455694251655582
49,privado,0.0,False,1.0,0.04810155659175201,0.0,0.0,0.0,1.4513230024602455
50,privado,0.0,False,1.0,0.04965754010361542,0.0,0.0,0.0,1.4545955073357244
51,privado,0.0,False,1.0,0.049928511143289,0.0,0.0,0.0,1.4551636769156935
52,privado,0.125,False,0.875,0.04941293380445926,0.0,0.0,0.0,1.454251349469326
53,privado,0.0,False,1.0,0.04853476596174219,0.0,0.0,0.0,1.4521323421494912
54,privado,0.0,False,1.0,0.04733861187909972,0.0,0.0,0.0,1.4492815778435162
55,privado,0.0,False,1.0,0.05007770740335181,0.0,0.0,0.0,1.455586378069022
56,privado,0.0,False,1.0,0.051489851907801976,0.0,0.0,0.0,1.4584107339117232
57,privado,0.0,False,1.0,0.047985785808359244,0.0,0.0,0.0,1.450894865848463
58,privado,0.0,False,1.0,0.04941755130458676,0.0,0.0,0.0,1.4539793609078302
59,privado,0.0,False,1.0,0.049454058049847927,0.0,0.0,0.0,1.4541468952300014
60,privado,0.0,False,1.0,0.04949835188131069,0.0,0.0,0.0,1.4543229934577366
61,privado,0.125,False,0.875,0.04978991262611798,0.0,0.0,0.0,1.4550011935258613
62,privado,0.0,False,1.0,0.04721857125102877,0.0,0.0,0.0,1.44941072449364
63,privado,0.0,False,1.0,0.048650552255508815,0.0,0.0,0.0,1.4522724913248688
64,privado,0.25,False,0.75,0.048633493412057055,0.0,0.0,0.0,1.4524654996537856
65,privado,0.0,False,1.0,0.04937763490225604,0.0,0.0,0.0,1.454158639495652
66,privado,0.25,False,0.75,0.05021626154158306,0.0,0.0,0.0,1.4558382031956392
67,privado,0.125,False,0.875,0.050567785179191145,0.0,0.0,0.0,1.4564624867055853
68,privado,0.0,False,1.0,0.05013610786629963,0.0,0.0,0.0,1.4556834525879485
69,privado,0.0,False,1.0,0.04853164276115741,0.0,0.0,0.0,1.4519123088302552
70,privado,0.125,False,0.875,0.050623081549821716,0.0,0.0,0.0,1.4565008295349005
71,privado,0.0,False,1.0,0.04745571357217,0.0,0.0,0.0,1.4498655338970696
72,privado,0.0,False,1.0,0.050844893978925,0.0,0.0,0.0,1.4571754444777216
73,privado,0.125,False,0.875,0.05072260919550998,0.0,0.0,0.0,1.4569348791627492
74,privado,0.0,False,1.0,0.05289424410766798,0.0,0.0,0.0,1.4613803575768918
75,privado,0.0,False,1.0,0.04753552906118265,0.0,0.0,0.0,1.449831865273369
76,privado,0.0,False,1.0,0.05026249156819499,0.0,0.0,0.0,1.4559123928779254
77,privado,0.0,False,1.0,0.04949268042058472,0.0,0.0,0.0,1.4540634923713256
78,privado,0.0,False,1.0,0.05035621766847244,0.0,0.0,0.0,1.4560462187482122
79,privado,0.0,False,1.0,0.049656061801802404,0.0,0.0,0.0,1.454695622767493
0,compartilhado,0.0,False,1.0,0.04878575585986579,1.0,0.0,4.5397868702434395e-05,1.45278865441926
1,compartilhado,0.125,False,0.875,0.047795927067892444,1.0,0.0,4.5397868702434395e-05,1.4505932475779282
2,compartilhado,0.125,False,0.875,0.04802747161794647,1.0,0.0,4.5397868702434395e-05,1.4511081026217658
3,compartilhado,0.0,False,1.0,0.04823865214727767,1.0,0.0,4.5397868702434395e-05,1.451634971672863
4,compartilhado,0.0,False,1.0,0.04938612438875101,1.0,0.0,4.5397868702434395e-05,1.4539682869902628
5,compartilhado,0.0,False,1.0,0.04686614133232227,1.0,0.0,4.5397868702434395e-05,1.4486584557656115
6,compartilhado,0.125,False,0.875,0.048262637612056174,1.0,0.0,4.5397868702434395e-05,1.4514891707852247
7,compartilhado,0.0,False,1.0,0.0473623197216301,1.0,0.0,4.5397868702434395e-05,1.4496542447396052
8,compartilhado,0.0,False,1.0,0.05029420692360747,1.0,0.0,4.5397868702434395e-05,1.4560188622481398
9,compartilhado,0.0,False,1.0,0.04790232117467563,1.0,0.0,4.5397868702434395e-05,1.450914526811626
10,compartilhado,0.0,False,1.0,0.05182073978080438,1.0,0.0,4.5397868702434395e-05,1.459219540458903
11,compartilhado,0.125,False,0.875,0.0492164282644954,1.0,0.0,4.5397868702434395e-05,1.4534468072671745
12,compartilhado,0.0,False,1.0,0.04809077309269588,1.0,0.0,4.5397868702434395e-05,1.4513165964972714
13,compartilhado,0.25,False,0.75,0.050543844630868154,1.0,0.0,4.5397868702434395e-05,1.4565448936440968
14,compartilhado,0.0,False,1.0,0.051656928754350975,1.0,0.0,4.5397868702434395e-05,1.458832014986899
15,compartilhado,0.0,False,1.0,0.051042749464404555,1.0,0.0,4.5397868702434395e-05,1.457206178040956
16,compartilhado,0.125,False,0.875,0.0492781676197194,1.0,0.0,4.5397868702434395e-05,1.4535857056695771
17,compartilhado,0.0,False,1.0,0.05080674746574004,1.0,0.0,4.5397868702434395e-05,1.4568111100859062
18,compartilhado,0.125,False,0.875,0.0484829405280134,1.0,0.0,4.5397868702434395e-05,1.4520852272967102
19,compartilhado,0.0,False,1.0,0.04886505554283389,1.0,0.0,4.5397868702434395e-05,1.4524387783564077
20,compartilhado,0.0,False,1.0,0.04834420771263606,1.0,0.0,4.5397868702434395e-05,1.4517812849001155
21,compartilhado,0.125,False,0.875,0.04999121065516003,1.0,0.0,4.5397868702434395e-05,1.4552261244752536
22,compartilhado,0.125,False,0.875,0.050612611085024295,1.0,0.0,4.5397868702434395e-05,1.4567356977420056
23,compartilhado,0.0,False,1.0,0.04811668536458126,1.0,0.0,4.5397868702434395e-05,1.451167082816232
24,compartilhado,0.125,False,0.875,0.048256955736029304,1.0,0.0,4.5397868702434395e-05,1.4516824604290421
25,compartilhado,0.375,False,0.625,0.04896567654041374,1.0,0.0,4.5397868702434395e-05,1.4531998099178158
26,compartilhado,0.0,False,1.0,0.04875527618733908,1.0,0.0,4.5397868702434395e-05,1.4527738073486125
27,compartilhado,0.0,False,1.0,0.04966140818505897,1.0,0.0,4.5397868702434395e-05,1.4546429116196653
28,compartilhado,0.125,False,0.875,0.04987504928545396,1.0,0.0,4.5397868702434395e-05,1.4551533569002881
29,compartilhado,0.0,False,1.0,0.05079240757445169,1.0,0.0,4.5397868702434395e-05,1.4569110139582442
30,compartilhado,0.0,False,1.0,0.048632372199893345,1.0,0.0,4.5397868702434395e-05,1.4524090196276307
31,compartilhado,0.0,False,1.0,0.05005742661575983,1.0,0.0,4.5397868702434395e-05,1.4554842858889923
32,compartilhado,0.0,False,1.0,0.05039481482570897,1.0,0.0,4.5397868702434395e-05,1.4558562848119352
33,compartilhado,0.125,False,0.875,0.04812013641685949,1.0,0.0,4.5397868702434395e-05,1.4513941742594871
34,compartilhado,0.0,False,1.0,0.050474529139799836,1.0,0.0,4.5397868702434395e-05,1.4562039435173089
35,compartilhado,0.125,False,0.875,0.04968600747421787,1.0,0.0,4.5397868702434395e-05,1.4546577019756974
36,compartilhado,0.0,False,1.0,0.049384159375856634,1.0,0.0,4.5397868702434395e-05,1.453896653043136
37,compartilhado,0.125,False,0.875,0.0526028819857842,1.0,0.0,4.5397868702434395e-05,1.4607789243625966
38,compartilhado,0.0,False,1.0,0.04987408281810296,1.0,0.0,4.5397868702434395e-05,1.4551471430693423
39,compartilhado,0.125,False,0.875,0.051075215346932,1.0,0.0,4.5397868702434395e-05,1.4574986081773895
40,compartilhado,0.125,False,0.875,0.04975024731411687,1.0,0.0,4.5397868702434395e-05,1.4549070434744398
41,compartilhado,0.0,False,1.0,0.05157185385646055,1.0,0.0,4.5397868702434395e-05,1.4584145421532724
42,compartilhado,0.0,False,1.0,0.049067495489040075,1.0,0.0,4.5397868702434395e-05,1.4534720558502832
43,compartilhado,0.25,False,0.75,0.04927407690436923,1.0,0.0,4.5397868702434395e-05,1.4538438014203532
44,compartilhado,0.125,False,0.875,0.049624646870607816,1.0,0.0,4.5397868702434395e-05,1.4546997462182554
45,compartilhado,0.125,False,0.875,0.0497452379990091,1.0,0.0,4.5397868702434395e-05,1.4543770259585882
46,compartilhado,0.0,False,1.0,0.04958492986463451,1.0,0.0,4.5397868702434395e-05,1.454394926132181
47,compartilhado,0.125,False,0.875,0.05122627105185297,1.0,0.0,4.5397868702434395e-05,1.4579736158916434
48,compartilhado,0.0,False,1.0,0.049888797044870675,1.0,0.0,4.5397868702434395e-05,1.4551364362760033
49,compartilhado,0.0,False,1.0,0.04875882786093398,1.0,0.0,4.5397868702434395e-05,1.4527676392822353
50,compartilhado,0.0,False,1.0,0.04878770488988917,1.0,0.0,4.5397868702434395e-05,1.4527104522526644
51,compartilhado,0.0,False,1.0,0.04910498409833908,1.0,0.0,4.5397868702434395e-05,1.4533388248450958
52,compartilhado,0.0,False,1.0,0.05004567566892681,1.0,0.0,4.5397868702434395e-05,1.455600862052096
53,compartilhado,0.0,False,1.0,0.050223233669322125,1.0,0.0,4.5397868702434395e-05,1.4557862717990675
54,compartilhado,0.125,False,0.875,0.04770420252167465,1.0,0.0,4.5397868702434395e-05,1.4502894827464037
55,compartilhado,0.0,False,1.0,0.05005639342459156,1.0,0.0,4.5397868702434395e-05,1.4555743665551582
56,compartilhado,0.0,False,1.0,0.04758527498680509,1.0,0.0,4.5397868702434395e-05,1.45017202060498
57,compartilhado,0.0,False,1.0,0.048275245462237444,1.0,0.0,4.5397868702434395e-05,1.451516828799933
58,compartilhado,0.0,False,1.0,0.04919783830300084,1.0,0.0,4.5397868702434395e-05,1.4535751431699415
59,compartilhado,0.125,False,0.875,0.05086899744436418,1.0,0.0,4.5397868702434395e-05,1.4570514317424466
60,compartilhado,0.0,False,1.0,0.052162967201992705,1.0,0.0,4.5397868702434395e-05,1.4598468443423722
61,compartilhado,0.125,False,0.875,0.04962032670685083,1.0,0.0,4.5397868702434395e-05,1.4545353225085353
62,compartilhado,0.0,False,1.0,0.049166423465602994,1.0,0.0,4.5397868702434395e-05,1.4535841852480926
63,compartilhado,0.25,False,0.75,0.0521770340022515,1.0,0.0,4.5397868702434395e-05,1.45994583645827
64,compartilhado,0.0,False,1.0,0.04860723381792817,1.0,0.0,4.5397868702434395e-05,1.4521571137013911
65,compartilhado,0.0,False,1.0,0.050600403066854135,1.0,0.0,4.5397868702434395e-05,1.4563075675014217
66,compartilhado,0.0,False,1.0,0.05224549823476436,1.0,0.0,4.5397868702434395e-05,1.459986311856992
67,compartilhado,0.0,False,1.0,0.04930837231033674,1.0,0.0,4.5397868702434395e-05,1.4539714617759563
68,compartilhado,0.0,False,1.0,0.051810914594349694,1.0,0.0,4.5397868702434395e-05,1.459188064268858
69,compartilhado,0.0,False,1.0,0.049604579610955137,1.0,0.0,4.5397868702434395e-05,1.454462262665503
70,compartilhado,0.0,False,1.0,0.048539275586823055,1.0,0.0,4.5397868702434395e-05,1.4523468575865086
71,compartilhado,0.0,False,1.0,0.050535012831973536,1.0,0.0,4.5397868702434395e-05,1.4564887227637358
72,compartilhado,0.0,False,1.0,0.049717196310523654,1.0,0.0,4.5397868702434395e-05,1.4547848891278075
73,compartilhado,0.0,False,1.0,0.04848755981938879,1.0,0.0,4.5397868702434395e-05,1.4522068482265196
74,compartilhado,0.0,False,1.0,0.048749346862925966,1.0,0.0,4.5397868702434395e-05,1.4526577288768423
75,compartilhado,0.125,False,0.875,0.04755547559112852,1.0,0.0,4.5397868702434395e-05,1.4501313132530735
76,compartilhado,0.0,False,1.0,0.049001345141203134,1.0,0.0,4.5397868702434395e-05,1.4532003286530197
77,compartilhado,0.0,False,1.0,0.05140240760976255,1.0,0.0,4.5397868702434395e-05,1.458369080562716
78,compartilhado,0.25,False,0.75,0.04885055983374555,1.0,0.0,4.5397868702434395e-05,1.4530332016153307
79,compartilhado,0.0,False,1.0,0.04903459500199234,1.0,0.0,4.5397868702434395e-05,1.4532397015077914
0,ratificado,0.75,True,1.75,0.8250371696161289,1.0,1.0,0.9999999999999065,1.9052730555526798
1,ratificado,1.0,True,2.0,0.7951923231807844,1.0,1.0,0.9999999999999065,1.8857467282000746
2,ratificado,0.5,False,0.5,0.8005380742207493,1.0,1.0,0.9999999999999065,1.889134804742322
3,ratificado,0.75,True,1.75,0.7849766613776932,1.0,1.0,0.9999999999999065,1.87951441491999
4,ratificado,0.375,False,0.625,0.7286240679201268,1.0,1.0,0.9999999999999065,1.8489755082735329
5,ratificado,0.625,True,1.625,0.8015265256938369,1.0,1.0,0.9999999999999065,1.8898067923037245
6,ratificado,0.75,True,1.75,0.758847442656325,1.0,1.0,0.9999999999999065,1.864708107679618
7,ratificado,0.875,True,1.875,0.7885132699895228,1.0,1.0,0.9999999999999065,1.8817094193738013
8,ratificado,0.75,True,1.75,0.7721718266263837,1.0,1.0,0.9999999999999065,1.872079462328671
9,ratificado,0.875,True,1.875,0.7121779253229121,1.0,1.0,0.9999999999999065,1.8407358878926507
10,ratificado,0.875,True,1.875,0.8007713510670513,1.0,1.0,0.9999999999999065,1.8891905625411933
11,ratificado,1.0,True,2.0,0.8140118501677007,1.0,1.0,0.9999999999999065,1.8977160395409576
12,ratificado,0.625,True,1.625,0.7844122593655443,1.0,1.0,0.9999999999999065,1.8792573465035514
13,ratificado,1.0,True,2.0,0.7305980740655614,1.0,1.0,0.9999999999999065,1.8498014410659138
14,ratificado,0.875,True,1.875,0.8135932282801488,1.0,1.0,0.9999999999999065,1.8974183812877705
15,ratificado,0.625,True,1.625,0.738279905821175,1.0,1.0,0.9999999999999065,1.853823712973764
16,ratificado,0.625,True,1.625,0.7594296904738029,1.0,1.0,0.9999999999999065,1.8653188362312856
17,ratificado,0.625,True,1.625,0.7562102430411127,1.0,1.0,0.9999999999999065,1.8632421198537485
18,ratificado,1.0,True,2.0,0.7822608301192167,1.0,1.0,0.9999999999999065,1.8779546134315028
19,ratificado,0.875,True,1.875,0.7119378762548253,1.0,1.0,0.9999999999999065,1.840553006914223
20,ratificado,0.75,True,1.75,0.7579551705926584,1.0,1.0,0.9999999999999065,1.8642412850562415
21,ratificado,1.0,True,2.0,0.7786016428030054,1.0,1.0,0.9999999999999065,1.8758487438752303
22,ratificado,0.625,True,1.625,0.7626824555055469,1.0,1.0,0.9999999999999065,1.8668166087165994
23,ratificado,0.75,True,1.75,0.7538828259425814,1.0,1.0,0.9999999999999065,1.861980027443638
24,ratificado,0.625,True,1.625,0.7984142953164064,1.0,1.0,0.9999999999999065,1.8876894616366262
25,ratificado,0.75,True,1.75,0.7253985145578241,1.0,1.0,0.9999999999999065,1.8471943019800792
26,ratificado,0.75,True,1.75,0.7745874176008478,1.0,1.0,0.9999999999999065,1.8736190683542708
27,ratificado,0.625,True,1.625,0.7238082937190795,1.0,1.0,0.9999999999999065,1.846357965099235
28,ratificado,0.875,True,1.875,0.7951803366871324,1.0,1.0,0.9999999999999065,1.8858398199293522
29,ratificado,0.875,True,1.875,0.8038034160658267,1.0,1.0,0.9999999999999065,1.8911603863079032
30,ratificado,0.625,True,1.625,0.8019452601605507,1.0,1.0,0.9999999999999065,1.8900120144771542
31,ratificado,0.75,True,1.75,0.795339732250159,1.0,1.0,0.9999999999999065,1.8858233765791632
32,ratificado,0.875,True,1.875,0.7986239571077669,1.0,1.0,0.9999999999999065,1.8878961330919786
33,ratificado,1.0,True,2.0,0.8038675107814407,1.0,1.0,0.9999999999999065,1.891130739801622
34,ratificado,0.625,True,1.625,0.7602978976863344,1.0,1.0,0.9999999999999065,1.8655166209619993
35,ratificado,0.875,True,1.875,0.7627969957154548,1.0,1.0,0.9999999999999065,1.866875054359812
36,ratificado,0.625,True,1.625,0.7457749397772795,1.0,1.0,0.9999999999999065,1.8576830711546126
37,ratificado,0.375,False,0.625,0.7751494474989092,1.0,1.0,0.9999999999999065,1.8739474343160745
38,ratificado,0.875,True,1.875,0.7617466054496927,1.0,1.0,0.9999999999999065,1.866397001098015
39,ratificado,0.375,False,0.625,0.7807217907318997,1.0,1.0,0.9999999999999065,1.8771466626275513
40,ratificado,0.625,True,1.625,0.791886474917526,1.0,1.0,0.9999999999999065,1.8837078234728806
41,ratificado,1.0,True,2.0,0.7920114792305616,1.0,1.0,0.9999999999999065,1.8837543112227806
42,ratificado,0.625,True,1.625,0.6916628246301979,1.0,1.0,0.9999999999999065,1.8308729887030668
43,ratificado,0.875,True,1.875,0.7887335713470833,1.0,1.0,0.9999999999999065,1.8819035159122617
44,ratificado,0.5,False,0.5,0.7784060641443656,1.0,1.0,0.9999999999999065,1.875746602436509
45,ratificado,0.75,True,1.75,0.7479119985773957,1.0,1.0,0.9999999999999065,1.8588776398291815
46,ratificado,0.75,True,1.75,0.7774523018499094,1.0,1.0,0.9999999999999065,1.8752025157693408
47,ratificado,1.0,True,2.0,0.7097218128692113,1.0,1.0,0.9999999999999065,1.8395697975209317
48,ratificado,1.0,True,2.0,0.8157158977624875,1.0,1.0,0.9999999999999065,1.898882254367987
49,ratificado,0.625,True,1.625,0.7637842498500325,1.0,1.0,0.9999999999999065,1.867452588632052
50,ratificado,0.875,True,1.875,0.7231624080012602,1.0,1.0,0.9999999999999065,1.84609424079021
51,ratificado,0.75,True,1.75,0.8123213698986063,1.0,1.0,0.9999999999999065,1.8966109583840693
52,ratificado,0.875,True,1.875,0.8080008959801499,1.0,1.0,0.9999999999999065,1.8938574961656636
53,ratificado,0.875,True,1.875,0.7280266033630611,1.0,1.0,0.9999999999999065,1.8485603130560444
54,ratificado,0.875,True,1.875,0.8271336726154217,1.0,1.0,0.9999999999999065,1.9067286317034688
55,ratificado,0.875,True,1.875,0.8133596308719127,1.0,1.0,0.9999999999999065,1.8973739245095043
56,ratificado,0.75,True,1.75,0.8141762592421145,1.0,1.0,0.9999999999999065,1.8978105937391536
57,ratificado,0.875,True,1.875,0.6554131270311552,1.0,1.0,0.9999999999999065,1.8143766912863835
58,ratificado,0.875,True,1.875,0.7387547036428027,1.0,1.0,0.9999999999999065,1.8540464167311752
59,ratificado,0.75,True,1.75,0.7533947040514924,1.0,1.0,0.9999999999999065,1.861731156399952
60,ratificado,0.875,True,1.875,0.8084956154912113,1.0,1.0,0.9999999999999065,1.8941084174754796
61,ratificado,0.875,True,1.875,0.8162089784906278,1.0,1.0,0.9999999999999065,1.8991566575549808
62,ratificado,0.875,True,1.875,0.8103519623264497,1.0,1.0,0.9999999999999065,1.8953191560934677
63,ratificado,0.875,True,1.875,0.7721927451097934,1.0,1.0,0.9999999999999065,1.8720876071335397
64,ratificado,0.75,True,1.75,0.7656007999822172,1.0,1.0,0.9999999999999065,1.8684723715239282
65,ratificado,0.375,False,0.625,0.7883543561794836,1.0,1.0,0.9999999999999065,1.8816089413595813
66,ratificado,0.875,True,1.875,0.8037357782619708,1.0,1.0,0.9999999999999065,1.8911045020386719
67,ratificado,0.875,True,1.875,0.7717246875872796,1.0,1.0,0.9999999999999065,1.8718388406460007
68,ratificado,0.75,True,1.75,0.7669112118197031,1.0,1.0,0.9999999999999065,1.8691308049359483
69,ratificado,0.875,True,1.875,0.8299206286282479,1.0,1.0,0.9999999999999065,1.9085794328841006
70,ratificado,0.75,True,1.75,0.7967991908815459,1.0,1.0,0.9999999999999065,1.8867503085430557
71,ratificado,0.75,True,1.75,0.725102574862999,1.0,1.0,0.9999999999999065,1.8470351031253134
72,ratificado,0.875,True,1.875,0.7667323142905879,1.0,1.0,0.9999999999999065,1.8690452859148623
73,ratificado,0.75,True,1.75,0.7036177530885342,1.0,1.0,0.9999999999999065,1.8365494246735454
74,ratificado,0.875,True,1.875,0.773424102319741,1.0,1.0,0.9999999999999065,1.8728419371132603
75,ratificado,0.75,True,1.75,0.7229657979274156,1.0,1.0,0.9999999999999065,1.8460548118099918
76,ratificado,0.625,True,1.625,0.7935298832908879,1.0,1.0,0.9999999999999065,1.8846791903872746
77,ratificado,0.875,True,1.875,0.7970619015440581,1.0,1.0,0.9999999999999065,1.8870501962673853
78,ratificado,0.625,True,1.625,0.7612317443710819,1.0,1.0,0.9999999999999065,1.8660036610359523
79,ratificado,0.5,False,0.5,0.786929839338389,1.0,1.0,0.9999999999999065,1.880737275820159
