t,scenario,C_base,S,C_hum,M_r,P_u,R_a
0.0,privado,0.07883826986690814,0.0,0.07883826986690814,0.0,0.0,0.0
0.1,privado,0.07948687175462847,0.0,0.07948687175462847,0.0,0.0,0.0
0.2,privado,0.08016552887212404,0.0,0.08016552887212404,0.0,0.0,0.0
0.30000000000000004,privado,0.08087894129600859,0.0,0.08087894129600859,0.0,0.0,0.0
0.4,privado,0.08160523870698881,0.0,0.08160523870698881,0.0,0.0,0.0
0.5,privado,0.5120460782865166,0.0,0.5120460782865166,0.0,0.0,0.0
0.6000000000000001,privado,0.48624039138267666,0.0,0.48624039138267666,0.0,0.0,0.0
0.7000000000000001,privado,0.5031933044196999,0.0,0.5031933044196999,0.0,0.0,0.0
0.8,privado,0.5162962015961569,0.0,0.5162962015961569,0.0,0.0,0.0
0.9,privado,0.5247392508830724,0.0,0.5247392508830724,0.0,0.0,0.0
1.0,privado,0.5288095012424958,0.0,0.5288095012424958,0.0,0.0,0.0
1.1,privado,0.5339251181293067,0.0,0.5339251181293067,0.0,0.0,0.0
1.2000000000000002,privado,0.5343030226786762,0.0,0.5343030226786762,0.0,0.0,0.0
1.3,privado,0.5377471212208607,0.0,0.5377471212208607,0.0,0.0,0.0
1.4000000000000001,privado,0.5393938277972415,0.0,0.5393938277972415,0.0,0.0,0.0
1.5,privado,0.5381976476749083,0.0,0.5381976476749083,0.0,0.0,0.0
1.6,privado,0.5349751913004678,0.0,0.5349751913004678,0.0,0.0,0.0
1.7000000000000002,privado,0.5297283460189268,0.0,0.5297283460189268,0.0,0.0,0.0
1.8,privado,0.52583389611695,0.0,0.52583389611695,0.0,0.0,0.0
1.9000000000000001,privado,0.5259614097762618,0.0,0.5259614097762618,0.0,0.0,0.0
2.0,privado,0.5237335234886866,0.0,0.5237335234886866,0.0,0.0,0.0
2.1,privado,0.5165601155988689,0.0,0.5165601155988689,0.0,0.0,0.0
2.2,privado,0.49424457133856486,0.0,0.49424457133856486,0.0,0.0,0.0
2.3000000000000003,privado,0.49999271907652326,0.0,0.49999271907652326,0.0,0.0,0.0
2.4000000000000004,privado,0.49844811739385864,0.0,0.49844811739385864,0.0,0.0,0.0
2.5,privado,0.5150178625570834,0.0,0.5150178625570834,0.0,0.0,0.0
2.6,privado,0.5083981699670193,0.0,0.5083981699670193,0.0,0.0,0.0
2.7,privado,0.5102703342009922,0.0,0.5102703342009922,0.0,0.0,0.0
2.8000000000000003,privado,0.510419055877852,0.0,0.510419055877852,0.0,0.0,0.0
2.9000000000000004,privado,0.5165966573771121,0.0,0.5165966573771121,0.0,0.0,0.0
3.0,privado,0.5188011755501151,0.0,0.5188011755501151,0.0,0.0,0.0
3.1,privado,0.5132478169085734,0.0,0.5132478169085734,0.0,0.0,0.0
3.2,privado,0.5098559781722503,0.0,0.5098559781722503,0.0,0.0,0.0
3.3000000000000003,privado,0.5118168122011244,0.0,0.5118168122011244,0.0,0.0,0.0
3.4000000000000004,privado,0.5195912921529168,0.0,0.5195912921529168,0.0,0.0,0.0
3.5,privado,0.5219305829266566,0.0,0.5219305829266566,0.0,0.0,0.0
3.6,privado,0.5119477905304574,0.0,0.5119477905304574,0.0,0.0,0.0
3.7,privado,0.5029329941157205,0.0,0.5029329941157205,0.0,0.0,0.0
3.8000000000000003,privado,0.4953605320203996,0.0,0.4953605320203996,0.0,0.0,0.0
3.9000000000000004,privado,0.4946958005652891,0.0,0.4946958005652891,0.0,0.0,0.0
4.0,privado,0.4824015621567686,0.0,0.4824015621567686,0.0,0.0,0.0
4.1000000000000005,privado,0.4955762927682354,0.0,0.4955762927682354,0.0,0.0,0.0
4.2,privado,0.5183464269431833,0.0,0.5183464269431833,0.0,0.0,0.0
4.3,privado,0.53415740617964,0.0,0.53415740617964,0.0,0.0,0.0
4.4,privado,0.5539843412935036,0.0,0.5539843412935036,0.0,0.0,0.0
4.5,privado,0.566150643397025,0.0,0.566150643397025,0.0,0.0,0.0
4.6000000000000005,privado,0.5766927427433474,0.0,0.5766927427433474,0.0,0.0,0.0
4.7,privado,0.5815293181458975,0.0,0.5815293181458975,0.0,0.0,0.0
4.800000000000001,privado,0.5802659854563813,0.0,0.5802659854563813,0.0,0.0,0.0
4.9,privado,0.5783673016712245,0.0,0.5783673016712245,0.0,0.0,0.0
5.0,privado,0.5853488268427688,0.0,0.5853488268427688,0.0,0.0,0.0
5.1000000000000005,privado,0.5937265572407214,0.0,0.5937265572407214,0.0,0.0,0.0
5.2,privado,0.5954582281894877,0.0,0.5954582281894877,0.0,0.0,0.0
5.300000000000001,privado,0.5851481089600378,0.0,0.5851481089600378,0.0,0.0,0.0
5.4,privado,0.5656791209108692,0.0,0.5656791209108692,0.0,0.0,0.0
5.5,privado,0.5558277955928078,0.0,0.5558277955928078,0.0,0.0,0.0
5.6000000000000005,privado,0.5529751950361617,0.0,0.5529751950361617,0.0,0.0,0.0
5.7,privado,0.568047311042795,0.0,0.568047311042795,0.0,0.0,0.0
5.800000000000001,privado,0.5776286383721204,0.0,0.5776286383721204,0.0,0.0,0.0
5.9,privado,0.5747884679784183,0.0,0.5747884679784183,0.0,0.0,0.0
6.0,privado,0.5685210461420882,0.0,0.5685210461420882,0.0,0.0,0.0
6.1000000000000005,privado,0.5687723116288206,0.0,0.5687723116288206,0.0,0.0,0.0
6.2,privado,0.564583130871852,0.0,0.564583130871852,0.0,0.0,0.0
6.300000000000001,privado,0.5573249563532556,0.0,0.5573249563532556,0.0,0.0,0.0
6.4,privado,0.55512454052451,0.0,0.55512454052451,0.0,0.0,0.0
6.5,privado,0.555532812106605,0.0,0.555532812106605,0.0,0.0,0.0
6.6000000000000005,privado,0.549884037840663,0.0,0.549884037840663,0.0,0.0,0.0
6.7,privado,0.5477450777541807,0.0,0.5477450777541807,0.0,0.0,0.0
6.800000000000001,privado,0.5631661326943297,0.0,0.5631661326943297,0.0,0.0,0.0
6.9,privado,0.5725231677999884,0.0,0.5725231677999884,0.0,0.0,0.0
7.0,privado,0.5748313033710505,0.0,0.5748313033710505,0.0,0.0,0.0
7.1000000000000005,privado,0.5850925791817511,0.0,0.5850925791817511,0.0,0.0,0.0
7.2,privado,0.5982444768257239,0.0,0.5982444768257239,0.0,0.0,0.0
7.300000000000001,privado,0.6072169987396485,0.0,0.6072169987396485,0.0,0.0,0.0
7.4,privado,0.6095185930076682,0.0,0.6095185930076682,0.0,0.0,0.0
7.5,privado,0.6077509663218239,0.0,0.6077509663218239,0.0,0.0,0.0
7.6000000000000005,privado,0.6000112383776525,0.0,0.6000112383776525,0.0,0.0,0.0
7.7,privado,0.5920868436960429,0.0,0.5920868436960429,0.0,0.0,0.0
7.800000000000001,privado,0.590959881045551,0.0,0.590959881045551,0.0,0.0,0.0
7.9,privado,0.5910412939123557,0.0,0.5910412939123557,0.0,0.0,0.0
8.0,privado,0.5962166192320701,0.0,0.5962166192320701,0.0,0.0,0.0
8.1,privado,0.6025669451423085,0.0,0.6025669451423085,0.0,0.0,0.0
8.200000000000001,privado,0.6050083552935223,0.0,0.6050083552935223,0.0,0.0,0.0
8.3,privado,0.6012523080523878,0.0,0.6012523080523878,0.0,0.0,0.0
8.4,privado,0.5906542734332442,0.0,0.5906542734332442,0.0,0.0,0.0
8.5,privado,0.5677983937048647,0.0,0.5677983937048647,0.0,0.0,0.0
8.6,privado,0.5565124762775332,0.0,0.5565124762775332,0.0,0.0,0.0
8.700000000000001,privado,0.560648411878637,0.0,0.560648411878637,0.0,0.0,0.0
8.8,privado,0.5676733867449015,0.0,0.5676733867449015,0.0,0.0,0.0
8.9,privado,0.5808098563615268,0.0,0.5808098563615268,0.0,0.0,0.0
9.0,privado,0.5843221356617506,0.0,0.5843221356617506,0.0,0.0,0.0
9.1,privado,0.5854285066541031,0.0,0.5854285066541031,0.0,0.0,0.0
9.200000000000001,privado,0.5844527976800081,0.0,0.5844527976800081,0.0,0.0,0.0
9.3,privado,0.5791602989921004,0.0,0.5791602989921004,0.0,0.0,0.0
9.4,privado,0.574896724033939,0.0,0.574896724033939,0.0,0.0,0.0
9.5,privado,0.5669137647298509,0.0,0.5669137647298509,0.0,0.0,0.0
9.600000000000001,privado,0.5664665742606335,0.0,0.5664665742606335,0.0,0.0,0.0
9.700000000000001,privado,0.5714234988935819,0.0,0.5714234988935819,0.0,0.0,0.0
9.8,privado,0.567463599034169,0.0,0.567463599034169,0.0,0.0,0.0
9.9,privado,0.5635548062664562,0.0,0.5635548062664562,0.0,0.0,0.0
10.0,privado,0.5627253524186094,0.0,0.5627253524186094,0.0,0.0,0.0
10.100000000000001,privado,0.5534265547832518,0.0,0.5534265547832518,0.0,0.0,0.0
10.200000000000001,privado,0.5593956721168326,0.0,0.5593956721168326,0.0,0.0,0.0
10.3,privado,0.5654861406721846,0.0,0.5654861406721846,0.0,0.0,0.0
10.4,privado,0.5718122531142156,0.0,0.5718122531142156,0.0,0.0,0.0
10.5,privado,0.5763340439939092,0.0,0.5763340439939092,0.0,0.0,0.0
10.600000000000001,privado,0.5735452012779368,0.0,0.5735452012779368,0.0,0.0,0.0
10.700000000000001,privado,0.5682423042288106,0.0,0.5682423042288106,0.0,0.0,0.0
10.8,privado,0.5805641119578308,0.0,0.5805641119578308,0.0,0.0,0.0
10.9,privado,0.5836318437345208,0.0,0.5836318437345208,0.0,0.0,0.0
11.0,privado,0.5884475330569477,0.0,0.5884475330569477,0.0,0.0,0.0
11.100000000000001,privado,0.5992918589381567,0.0,0.5992918589381567,0.0,0.0,0.0
11.200000000000001,privado,0.6074922121475251,0.0,0.6074922121475251,0.0,0.0,0.0
11.3,privado,0.6115424130329131,0.0,0.6115424130329131,0.0,0.0,0.0
11.4,privado,0.6222080682207315,0.0,0.6222080682207315,0.0,0.0,0.0
11.5,privado,0.6289284513621402,0.0,0.6289284513621402,0.0,0.0,0.0
11.600000000000001,privado,0.6335411684620619,0.0,0.6335411684620619,0.0,0.0,0.0
11.700000000000001,privado,0.6344750507811056,0.0,0.6344750507811056,0.0,0.0,0.0
11.8,privado,0.6321751766782046,0.0,0.6321751766782046,0.0,0.0,0.0
11.9,privado,0.630080732333883,0.0,0.630080732333883,0.0,0.0,0.0
12.0,privado,0.6310435228480862,0.0,0.6310435228480862,0.0,0.0,0.0
12.100000000000001,privado,0.6319654049189184,0.0,0.6319654049189184,0.0,0.0,0.0
12.200000000000001,privado,0.6341227438879393,0.0,0.6341227438879393,0.0,0.0,0.0
12.3,privado,0.6286640496711641,0.0,0.6286640496711641,0.0,0.0,0.0
12.4,privado,0.6181226392923321,0.0,0.6181226392923321,0.0,0.0,0.0
12.5,privado,0.6094692520647724,0.0,0.6094692520647724,0.0,0.0,0.0
12.600000000000001,privado,0.607229610018012,0.0,0.607229610018012,0.0,0.0,0.0
12.700000000000001,privado,0.6141105667095443,0.0,0.6141105667095443,0.0,0.0,0.0
12.8,privado,0.6171733203266788,0.0,0.6171733203266788,0.0,0.0,0.0
12.9,privado,0.6156441953488574,0.0,0.6156441953488574,0.0,0.0,0.0
13.0,privado,0.6092678137902999,0.0,0.6092678137902999,0.0,0.0,0.0
13.100000000000001,privado,0.6046601157327048,0.0,0.6046601157327048,0.0,0.0,0.0
13.200000000000001,privado,0.6044822657919059,0.0,0.6044822657919059,0.0,0.0,0.0
13.3,privado,0.6022124422219312,0.0,0.6022124422219312,0.0,0.0,0.0
13.4,privado,0.5953805146939494,0.0,0.5953805146939494,0.0,0.0,0.0
13.5,privado,0.596362338241334,0.0,0.596362338241334,0.0,0.0,0.0
13.600000000000001,privado,0.6023774114114483,0.0,0.6023774114114483,0.0,0.0,0.0
13.700000000000001,privado,0.6026486945573025,0.0,0.6026486945573025,0.0,0.0,0.0
13.8,privado,0.6012684234932187,0.0,0.6012684234932187,0.0,0.0,0.0
13.9,privado,0.6022015451153956,0.0,0.6022015451153956,0.0,0.0,0.0
14.0,privado,0.5996212935468712,0.0,0.5996212935468712,0.0,0.0,0.0
14.100000000000001,privado,0.6084555511682733,0.0,0.6084555511682733,0.0,0.0,0.0
14.200000000000001,privado,0.6137715830027071,0.0,0.6137715830027071,0.0,0.0,0.0
14.3,privado,0.615651657178843,0.0,0.615651657178843,0.0,0.0,0.0
14.4,privado,0.6201798739098426,0.0,0.6201798739098426,0.0,0.0,0.0
14.5,privado,0.6231925381003729,0.0,0.6231925381003729,0.0,0.0,0.0
14.600000000000001,privado,0.6218197826857307,0.0,0.6218197826857307,0.0,0.0,0.0
14.700000000000001,privado,0.6165874748303836,0.0,0.6165874748303836,0.0,0.0,0.0
14.8,privado,0.5985528705134587,0.0,0.5985528705134587,0.0,0.0,0.0
14.9,privado,0.6008363262267115,0.0,0.6008363262267115,0.0,0.0,0.0
15.0,privado,0.6163232785152645,0.0,0.6163232785152645,0.0,0.0,0.0
15.100000000000001,privado,0.6227517716461257,0.0,0.6227517716461257,0.0,0.0,0.0
15.200000000000001,privado,0.6176109416996375,0.0,0.6176109416996375,0.0,0.0,0.0
15.3,privado,0.6145727115277618,0.0,0.6145727115277618,0.0,0.0,0.0
15.4,privado,0.6344632507825217,0.0,0.6344632507825217,0.0,0.0,0.0
15.5,privado,0.6442731707281885,0.0,0.6442731707281885,0.0,0.0,0.0
15.600000000000001,privado,0.6452829932662784,0.0,0.6452829932662784,0.0,0.0,0.0
15.700000000000001,privado,0.6396907842595444,0.0,0.6396907842595444,0.0,0.0,0.0
15.8,privado,0.6324609658037618,0.0,0.6324609658037618,0.0,0.0,0.0
15.9,privado,0.6307641790061297,0.0,0.6307641790061297,0.0,0.0,0.0
16.0,privado,0.6287261370508151,0.0,0.6287261370508151,0.0,0.0,0.0
16.1,privado,0.6302612643191429,0.0,0.6302612643191429,0.0,0.0,0.0
16.2,privado,0.6337016362190421,0.0,0.6337016362190421,0.0,0.0,0.0
16.3,privado,0.6315706812437233,0.0,0.6315706812437233,0.0,0.0,0.0
16.400000000000002,privado,0.6196386167469833,0.0,0.6196386167469833,0.0,0.0,0.0
16.5,privado,0.6261743187745278,0.0,0.6261743187745278,0.0,0.0,0.0
16.6,privado,0.6306066653682897,0.0,0.6306066653682897,0.0,0.0,0.0
16.7,privado,0.630568224717584,0.0,0.630568224717584,0.0,0.0,0.0
16.8,privado,0.6316655981697034,0.0,0.6316655981697034,0.0,0.0,0.0
16.900000000000002,privado,0.6337833559600649,0.0,0.6337833559600649,0.0,0.0,0.0
17.0,privado,0.6401420032473009,0.0,0.6401420032473009,0.0,0.0,0.0
17.1,privado,0.6422506612748595,0.0,0.6422506612748595,0.0,0.0,0.0
17.2,privado,0.6435519281765384,0.0,0.6435519281765384,0.0,0.0,0.0
17.3,privado,0.6401661081649931,0.0,0.6401661081649931,0.0,0.0,0.0
17.400000000000002,privado,0.6458431027048733,0.0,0.6458431027048733,0.0,0.0,0.0
17.5,privado,0.6458614738131577,0.0,0.6458614738131577,0.0,0.0,0.0
17.6,privado,0.6418388484276225,0.0,0.6418388484276225,0.0,0.0,0.0
17.7,privado,0.6322391776050528,0.0,0.6322391776050528,0.0,0.0,0.0
17.8,privado,0.616418053561338,0.0,0.616418053561338,0.0,0.0,0.0
17.900000000000002,privado,0.6182717528035079,0.0,0.6182717528035079,0.0,0.0,0.0
18.0,privado,0.6316666947169816,0.0,0.6316666947169816,0.0,0.0,0.0
18.1,privado,0.6416181114083831,0.0,0.6416181114083831,0.0,0.0,0.0
18.2,privado,0.6509012049094728,0.0,0.6509012049094728,0.0,0.0,0.0
18.3,privado,0.6599487711984162,0.0,0.6599487711984162,0.0,0.0,0.0
18.400000000000002,privado,0.667067447218384,0.0,0.667067447218384,0.0,0.0,0.0
18.5,privado,0.6698983092846406,0.0,0.6698983092846406,0.0,0.0,0.0
18.6,privado,0.6697626992359091,0.0,0.6697626992359091,0.0,0.0,0.0
18.7,privado,0.6768432253996153,0.0,0.6768432253996153,0.0,0.0,0.0
18.8,privado,0.6815450582961038,0.0,0.6815450582961038,0.0,0.0,0.0
18.900000000000002,privado,0.6844430115306923,0.0,0.6844430115306923,0.0,0.0,0.0
19.0,privado,0.6833990634685225,0.0,0.6833990634685225,0.0,0.0,0.0
19.1,privado,0.6742517527041926,0.0,0.6742517527041926,0.0,0.0,0.0
19.200000000000003,privado,0.6613391160177297,0.0,0.6613391160177297,0.0,0.0,0.0
19.3,privado,0.6481019779843556,0.0,0.6481019779843556,0.0,0.0,0.0
19.400000000000002,privado,0.6391073720386377,0.0,0.6391073720386377,0.0,0.0,0.0
19.5,privado,0.6331673592117916,0.0,0.6331673592117916,0.0,0.0,0.0
19.6,privado,0.6286749145312382,0.0,0.6286749145312382,0.0,0.0,0.0
19.700000000000003,privado,0.6278675750312545,0.0,0.6278675750312545,0.0,0.0,0.0
19.8,privado,0.6268429628033553,0.0,0.6268429628033553,0.0,0.0,0.0
19.900000000000002,privado,0.6186865326140077,0.0,0.6186865326140077,0.0,0.0,0.0
20.0,privado,0.615991047779293,0.0,0.615991047779293,0.0,0.0,0.0
20.1,privado,0.622978501997283,0.0,0.622978501997283,0.0,0.0,0.0
20.200000000000003,privado,0.6258311084895257,0.0,0.6258311084895257,0.0,0.0,0.0
20.3,privado,0.6249420971073402,0.0,0.6249420971073402,0.0,0.0,0.0
20.400000000000002,privado,0.6145023763598231,0.0,0.6145023763598231,0.0,0.0,0.0
20.5,privado,0.6118201097828528,0.0,0.6118201097828528,0.0,0.0,0.0
20.6,privado,0.6211678180958767,0.0,0.6211678180958767,0.0,0.0,0.0
20.700000000000003,privado,0.6288850783818457,0.0,0.6288850783818457,0.0,0.0,0.0
20.8,privado,0.6296761474310292,0.0,0.6296761474310292,0.0,0.0,0.0
20.900000000000002,privado,0.6271581411729316,0.0,0.6271581411729316,0.0,0.0,0.0
21.0,privado,0.6287894161606825,0.0,0.6287894161606825,0.0,0.0,0.0
21.1,privado,0.6387105049451474,0.0,0.6387105049451474,0.0,0.0,0.0
21.200000000000003,privado,0.637732335282152,0.0,0.637732335282152,0.0,0.0,0.0
21.3,privado,0.6315790527052186,0.0,0.6315790527052186,0.0,0.0,0.0
21.400000000000002,privado,0.6218935680236776,0.0,0.6218935680236776,0.0,0.0,0.0
21.5,privado,0.6312178916414393,0.0,0.6312178916414393,0.0,0.0,0.0
21.6,privado,0.6457722045004638,0.0,0.6457722045004638,0.0,0.0,0.0
21.700000000000003,privado,0.656231103566586,0.0,0.656231103566586,0.0,0.0,0.0
21.8,privado,0.6620606853805899,0.0,0.6620606853805899,0.0,0.0,0.0
21.900000000000002,privado,0.6690599821729588,0.0,0.6690599821729588,0.0,0.0,0.0
22.0,privado,0.6679014542459282,0.0,0.6679014542459282,0.0,0.0,0.0
22.1,privado,0.6580328754099362,0.0,0.6580328754099362,0.0,0.0,0.0
22.200000000000003,privado,0.6536086194977672,0.0,0.6536086194977672,0.0,0.0,0.0
22.3,privado,0.6552039716309331,0.0,0.6552039716309331,0.0,0.0,0.0
22.400000000000002,privado,0.6650896272078047,0.0,0.6650896272078047,0.0,0.0,0.0
22.5,privado,0.6710804617125024,0.0,0.6710804617125024,0.0,0.0,0.0
22.6,privado,0.6769569920299113,0.0,0.6769569920299113,0.0,0.0,0.0
22.700000000000003,privado,0.6737148348855356,0.0,0.6737148348855356,0.0,0.0,0.0
22.8,privado,0.665933863436512,0.0,0.665933863436512,0.0,0.0,0.0
22.900000000000002,privado,0.6697293492422873,0.0,0.6697293492422873,0.0,0.0,0.0
23.0,privado,0.6742501039558421,0.0,0.6742501039558421,0.0,0.0,0.0
23.1,privado,0.6805534948436455,0.0,0.6805534948436455,0.0,0.0,0.0
23.200000000000003,privado,0.6782722750071074,0.0,0.6782722750071074,0.0,0.0,0.0
23.3,privado,0.6723937082967543,0.0,0.6723937082967543,0.0,0.0,0.0
23.400000000000002,privado,0.6698126869174056,0.0,0.6698126869174056,0.0,0.0,0.0
23.5,privado,0.6658036157843704,0.0,0.6658036157843704,0.0,0.0,0.0
23.6,privado,0.6597669641438834,0.0,0.6597669641438834,0.0,0.0,0.0
23.700000000000003,privado,0.6534638889273098,0.0,0.6534638889273098,0.0,0.0,0.0
23.8,privado,0.6500046725378735,0.0,0.6500046725378735,0.0,0.0,0.0
23.900000000000002,privado,0.6491749189661148,0.0,0.6491749189661148,0.0,0.0,0.0
24.0,privado,0.6461418846281239,0.0,0.6461418846281239,0.0,0.0,0.0
24.1,privado,0.6401141689558213,0.0,0.6401141689558213,0.0,0.0,0.0
24.200000000000003,privado,0.6421197092645867,0.0,0.6421197092645867,0.0,0.0,0.0
24.3,privado,0.648136055388358,0.0,0.648136055388358,0.0,0.0,0.0
24.400000000000002,privado,0.6533669681953115,0.0,0.6533669681953115,0.0,0.0,0.0
24.5,privado,0.6535867328422942,0.0,0.6535867328422942,0.0,0.0,0.0
24.6,privado,0.645462883892653,0.0,0.645462883892653,0.0,0.0,0.0
24.700000000000003,privado,0.6336569481102372,0.0,0.6336569481102372,0.0,0.0,0.0
24.8,privado,0.6294328770688468,0.0,0.6294328770688468,0.0,0.0,0.0
24.900000000000002,privado,0.6430232222256026,0.0,0.6430232222256026,0.0,0.0,0.0
25.0,privado,0.6573552297744386,0.0,0.6573552297744386,0.0,0.0,0.0
25.1,privado,0.6657041694296798,0.0,0.6657041694296798,0.0,0.0,0.0
25.200000000000003,privado,0.6633609528342216,0.0,0.6633609528342216,0.0,0.0,0.0
25.3,privado,0.6620997866107249,0.0,0.6620997866107249,0.0,0.0,0.0
25.400000000000002,privado,0.6682256973993158,0.0,0.6682256973993158,0.0,0.0,0.0
25.5,privado,0.6629876137391398,0.0,0.6629876137391398,0.0,0.0,0.0
25.6,privado,0.6540168431264729,0.0,0.6540168431264729,0.0,0.0,0.0
25.700000000000003,privado,0.6624473686169602,0.0,0.6624473686169602,0.0,0.0,0.0
25.8,privado,0.6684448287939883,0.0,0.6684448287939883,0.0,0.0,0.0
25.900000000000002,privado,0.6664629342922771,0.0,0.6664629342922771,0.0,0.0,0.0
26.0,privado,0.6594312476339094,0.0,0.6594312476339094,0.0,0.0,0.0
26.1,privado,0.6565112795085177,0.0,0.6565112795085177,0.0,0.0,0.0
26.200000000000003,privado,0.6548964472515139,0.0,0.6548964472515139,0.0,0.0,0.0
26.3,privado,0.6464985761266514,0.0,0.6464985761266514,0.0,0.0,0.0
26.400000000000002,privado,0.6364465473479587,0.0,0.6364465473479587,0.0,0.0,0.0
26.5,privado,0.6261221292629581,0.0,0.6261221292629581,0.0,0.0,0.0
26.6,privado,0.6286610215001812,0.0,0.6286610215001812,0.0,0.0,0.0
26.700000000000003,privado,0.6351496540732748,0.0,0.6351496540732748,0.0,0.0,0.0
26.8,privado,0.6328318434937074,0.0,0.6328318434937074,0.0,0.0,0.0
26.900000000000002,privado,0.6334795510932174,0.0,0.6334795510932174,0.0,0.0,0.0
27.0,privado,0.6292420259146189,0.0,0.6292420259146189,0.0,0.0,0.0
27.1,privado,0.6235561043734438,0.0,0.6235561043734438,0.0,0.0,0.0
27.200000000000003,privado,0.6284154829284996,0.0,0.6284154829284996,0.0,0.0,0.0
27.3,privado,0.6365462304376245,0.0,0.6365462304376245,0.0,0.0,0.0
27.400000000000002,privado,0.642242617586518,0.0,0.642242617586518,0.0,0.0,0.0
27.5,privado,0.653813782280953,0.0,0.653813782280953,0.0,0.0,0.0
27.6,privado,0.6618937039493454,0.0,0.6618937039493454,0.0,0.0,0.0
27.700000000000003,privado,0.6642169888220649,0.0,0.6642169888220649,0.0,0.0,0.0
27.8,privado,0.6636266566613388,0.0,0.6636266566613388,0.0,0.0,0.0
27.900000000000002,privado,0.6568201988158294,0.0,0.6568201988158294,0.0,0.0,0.0
28.0,privado,0.6511106128013149,0.0,0.6511106128013149,0.0,0.0,0.0
28.1,privado,0.6387333749474671,0.0,0.6387333749474671,0.0,0.0,0.0
28.200000000000003,privado,0.6429325103013516,0.0,0.6429325103013516,0.0,0.0,0.0
28.3,privado,0.6530285131116322,0.0,0.6530285131116322,0.0,0.0,0.0
28.400000000000002,privado,0.6675076815006626,0.0,0.6675076815006626,0.0,0.0,0.0
28.5,privado,0.6750254503849326,0.0,0.6750254503849326,0.0,0.0,0.0
28.6,privado,0.6747906890775998,0.0,0.6747906890775998,0.0,0.0,0.0
28.700000000000003,privado,0.6770759048660554,0.0,0.6770759048660554,0.0,0.0,0.0
28.8,privado,0.6899484198072345,0.0,0.6899484198072345,0.0,0.0,0.0
28.900000000000002,privado,0.6868983006419284,0.0,0.6868983006419284,0.0,0.0,0.0
29.0,privado,0.6885035002264611,0.0,0.6885035002264611,0.0,0.0,0.0
29.1,privado,0.6793492836014351,0.0,0.6793492836014351,0.0,0.0,0.0
29.200000000000003,privado,0.665231650788955,0.0,0.665231650788955,0.0,0.0,0.0
29.3,privado,0.6647929619232227,0.0,0.6647929619232227,0.0,0.0,0.0
29.400000000000002,privado,0.6688505139580533,0.0,0.6688505139580533,0.0,0.0,0.0
29.5,privado,0.6779233911710568,0.0,0.6779233911710568,0.0,0.0,0.0
29.6,privado,0.6817380594624926,0.0,0.6817380594624926,0.0,0.0,0.0
29.700000000000003,privado,0.6778685916383504,0.0,0.6778685916383504,0.0,0.0,0.0
29.8,privado,0.6669379384827817,0.0,0.6669379384827817,0.0,0.0,0.0
29.900000000000002,privado,0.6613618113535764,0.0,0.6613618113535764,0.0,0.0,0.0
30.0,privado,0.6601880578287463,0.0,0.6601880578287463,0.0,0.0,0.0
30.1,privado,0.6531125930152611,0.0,0.6531125930152611,0.0,0.0,0.0
30.200000000000003,privado,0.6514577868738969,0.0,0.6514577868738969,0.0,0.0,0.0
30.3,privado,0.6598650139582994,0.0,0.6598650139582994,0.0,0.0,0.0
30.400000000000002,privado,0.6588064356616578,0.0,0.6588064356616578,0.0,0.0,0.0
30.5,privado,0.6513483905567169,0.0,0.6513483905567169,0.0,0.0,0.0
30.6,privado,0.6522096579894302,0.0,0.6522096579894302,0.0,0.0,0.0
30.700000000000003,privado,0.6478900918248794,0.0,0.6478900918248794,0.0,0.0,0.0
30.8,privado,0.6513299200733645,0.0,0.6513299200733645,0.0,0.0,0.0
30.900000000000002,privado,0.6485794773775403,0.0,0.6485794773775403,0.0,0.0,0.0
31.0,privado,0.6420377212898897,0.0,0.6420377212898897,0.0,0.0,0.0
31.1,privado,0.6342185009059651,0.0,0.6342185009059651,0.0,0.0,0.0
31.200000000000003,privado,0.62929783337034,0.0,0.62929783337034,0.0,0.0,0.0
31.3,privado,0.6501524461180864,0.0,0.6501524461180864,0.0,0.0,0.0
31.400000000000002,privado,0.6565629805029546,0.0,0.6565629805029546,0.0,0.0,0.0
31.5,privado,0.6590919563693479,0.0,0.6590919563693479,0.0,0.0,0.0
31.6,privado,0.6534921206406786,0.0,0.6534921206406786,0.0,0.0,0.0
31.700000000000003,privado,0.6294409317479835,0.0,0.6294409317479835,0.0,0.0,0.0
31.8,privado,0.6203551827647508,0.0,0.6203551827647508,0.0,0.0,0.0
31.900000000000002,privado,0.6237413918404796,0.0,0.6237413918404796,0.0,0.0,0.0
32.0,privado,0.6303526101488289,0.0,0.6303526101488289,0.0,0.0,0.0
32.1,privado,0.6368225607248418,0.0,0.6368225607248418,0.0,0.0,0.0
32.2,privado,0.6462610535398249,0.0,0.6462610535398249,0.0,0.0,0.0
32.300000000000004,privado,0.6615110978394297,0.0,0.6615110978394297,0.0,0.0,0.0
32.4,privado,0.6785336101670337,0.0,0.6785336101670337,0.0,0.0,0.0
32.5,privado,0.6828977458854047,0.0,0.6828977458854047,0.0,0.0,0.0
32.6,privado,0.6832243809826924,0.0,0.6832243809826924,0.0,0.0,0.0
32.7,privado,0.6908406434729065,0.0,0.6908406434729065,0.0,0.0,0.0
32.800000000000004,privado,0.6914310210077336,0.0,0.6914310210077336,0.0,0.0,0.0
32.9,privado,0.6860696473299911,0.0,0.6860696473299911,0.0,0.0,0.0
33.0,privado,0.6921720317367347,0.0,0.6921720317367347,0.0,0.0,0.0
33.1,privado,0.6997456022394855,0.0,0.6997456022394855,0.0,0.0,0.0
33.2,privado,0.6974683050188308,0.0,0.6974683050188308,0.0,0.0,0.0
33.300000000000004,privado,0.6905823137551438,0.0,0.6905823137551438,0.0,0.0,0.0
33.4,privado,0.6799532328863177,0.0,0.6799532328863177,0.0,0.0,0.0
33.5,privado,0.6724268038738511,0.0,0.6724268038738511,0.0,0.0,0.0
33.6,privado,0.6663168293045131,0.0,0.6663168293045131,0.0,0.0,0.0
33.7,privado,0.6669217824353612,0.0,0.6669217824353612,0.0,0.0,0.0
33.800000000000004,privado,0.6602953107942017,0.0,0.6602953107942017,0.0,0.0,0.0
33.9,privado,0.652186608733672,0.0,0.652186608733672,0.0,0.0,0.0
34.0,privado,0.6400300450333617,0.0,0.6400300450333617,0.0,0.0,0.0
34.1,privado,0.630057764192593,0.0,0.630057764192593,0.0,0.0,0.0
34.2,privado,0.6295292176339169,0.0,0.6295292176339169,0.0,0.0,0.0
34.300000000000004,privado,0.6329494742310052,0.0,0.6329494742310052,0.0,0.0,0.0
34.4,privado,0.6439110640341469,0.0,0.6439110640341469,0.0,0.0,0.0
34.5,privado,0.6509333905907169,0.0,0.6509333905907169,0.0,0.0,0.0
34.6,privado,0.6512459354784085,0.0,0.6512459354784085,0.0,0.0,0.0
34.7,privado,0.6461464426548743,0.0,0.6461464426548743,0.0,0.0,0.0
34.800000000000004,privado,0.6462360508438562,0.0,0.6462360508438562,0.0,0.0,0.0
34.9,privado,0.6503993296521225,0.0,0.6503993296521225,0.0,0.0,0.0
35.0,privado,0.6566660251255226,0.0,0.6566660251255226,0.0,0.0,0.0
35.1,privado,0.6647046793277706,0.0,0.6647046793277706,0.0,0.0,0.0
35.2,privado,0.6797357596889951,0.0,0.6797357596889951,0.0,0.0,0.0
35.300000000000004,privado,0.6869611199388421,0.0,0.6869611199388421,0.0,0.0,0.0
35.4,privado,0.6852370261432172,0.0,0.6852370261432172,0.0,0.0,0.0
35.5,privado,0.6784083348547304,0.0,0.6784083348547304,0.0,0.0,0.0
35.6,privado,0.6700179370429767,0.0,0.6700179370429767,0.0,0.0,0.0
35.7,privado,0.6895177039893664,0.0,0.6895177039893664,0.0,0.0,0.0
35.800000000000004,privado,0.7033039832232575,0.0,0.7033039832232575,0.0,0.0,0.0
35.9,privado,0.7083447707708931,0.0,0.7083447707708931,0.0,0.0,0.0
36.0,privado,0.7091091252061469,0.0,0.7091091252061469,0.0,0.0,0.0
36.1,privado,0.7096125517135561,0.0,0.7096125517135561,0.0,0.0,0.0
36.2,privado,0.7048579913503935,0.0,0.7048579913503935,0.0,0.0,0.0
36.300000000000004,privado,0.7032724523688373,0.0,0.7032724523688373,0.0,0.0,0.0
36.4,privado,0.6985213696788164,0.0,0.6985213696788164,0.0,0.0,0.0
36.5,privado,0.6938985350534508,0.0,0.6938985350534508,0.0,0.0,0.0
36.6,privado,0.6870491081200778,0.0,0.6870491081200778,0.0,0.0,0.0
36.7,privado,0.680041129126801,0.0,0.680041129126801,0.0,0.0,0.0
36.800000000000004,privado,0.6750822886134639,0.0,0.6750822886134639,0.0,0.0,0.0
36.9,privado,0.6653321131849382,0.0,0.6653321131849382,0.0,0.0,0.0
37.0,privado,0.6642031506230003,0.0,0.6642031506230003,0.0,0.0,0.0
37.1,privado,0.6701664833199898,0.0,0.6701664833199898,0.0,0.0,0.0
37.2,privado,0.666466188701535,0.0,0.666466188701535,0.0,0.0,0.0
37.300000000000004,privado,0.6584363176868225,0.0,0.6584363176868225,0.0,0.0,0.0
37.4,privado,0.6526230480597593,0.0,0.6526230480597593,0.0,0.0,0.0
37.5,privado,0.6474673623434684,0.0,0.6474673623434684,0.0,0.0,0.0
37.6,privado,0.6441209064780128,0.0,0.6441209064780128,0.0,0.0,0.0
37.7,privado,0.6450777972773856,0.0,0.6450777972773856,0.0,0.0,0.0
37.800000000000004,privado,0.6527324912505766,0.0,0.6527324912505766,0.0,0.0,0.0
37.9,privado,0.6580090450761569,0.0,0.6580090450761569,0.0,0.0,0.0
38.0,privado,0.6661544951825462,0.0,0.6661544951825462,0.0,0.0,0.0
38.1,privado,0.670288542604267,0.0,0.670288542604267,0.0,0.0,0.0
38.2,privado,0.6731337512360884,0.0,0.6731337512360884,0.0,0.0,0.0
38.300000000000004,privado,0.6740420052483015,0.0,0.6740420052483015,0.0,0.0,0.0
38.400000000000006,privado,0.6719234572009132,0.0,0.6719234572009132,0.0,0.0,0.0
38.5,privado,0.6761031260324591,0.0,0.6761031260324591,0.0,0.0,0.0
38.6,privado,0.66980836944798,0.0,0.66980836944798,0.0,0.0,0.0
38.7,privado,0.6651050148412363,0.0,0.6651050148412363,0.0,0.0,0.0
38.800000000000004,privado,0.6694065111448149,0.0,0.6694065111448149,0.0,0.0,0.0
38.900000000000006,privado,0.6735195239679787,0.0,0.6735195239679787,0.0,0.0,0.0
39.0,privado,0.6795111859191625,0.0,0.6795111859191625,0.0,0.0,0.0
39.1,privado,0.6891160073880523,0.0,0.6891160073880523,0.0,0.0,0.0
39.2,privado,0.7017728636636794,0.0,0.7017728636636794,0.0,0.0,0.0
39.300000000000004,privado,0.7089452904946073,0.0,0.7089452904946073,0.0,0.0,0.0
39.400000000000006,privado,0.7111474660425879,0.0,0.7111474660425879,0.0,0.0,0.0
39.5,privado,0.7132257508054378,0.0,0.7132257508054378,0.0,0.0,0.0
39.6,privado,0.7164314968486485,0.0,0.7164314968486485,0.0,0.0,0.0
39.7,privado,0.7149046241434466,0.0,0.7149046241434466,0.0,0.0,0.0
39.800000000000004,privado,0.7161249881678985,0.0,0.7161249881678985,0.0,0.0,0.0
39.900000000000006,privado,0.7149963626694603,0.0,0.7149963626694603,0.0,0.0,0.0
0.0,compartilhado,0.07883826986690814,0.0,0.07883826986690814,0.0,0.0,0.0
0.1,compartilhado,0.07948687175462847,0.0,0.07948687175462847,0.0,0.0,0.0
0.2,compartilhado,0.08016552887212404,0.0,0.08016552887212404,0.0,0.0,0.0
0.30000000000000004,compartilhado,0.08087894129600859,0.0,0.08087894129600859,0.0,0.0,0.0
0.4,compartilhado,0.08160523870698881,0.0,0.08160523870698881,0.0,0.0,0.0
0.5,compartilhado,0.5120460782865166,0.0,0.5120460782865166,0.0,0.0,0.0
0.6000000000000001,compartilhado,0.48624039138267666,0.0,0.48624039138267666,0.0,0.0,0.0
0.7000000000000001,compartilhado,0.5031933044196999,0.0,0.5031933044196999,0.0,0.0,0.0
0.8,compartilhado,0.5162962015961569,0.0,0.5162962015961569,0.0,0.0,0.0
0.9,compartilhado,0.5247392508830724,0.0,0.5247392508830724,0.0,0.0,0.0
1.0,compartilhado,0.5288095012424958,0.0,0.5288095012424958,0.0,0.0,0.0
1.1,compartilhado,0.5339251181293067,0.0,0.5339251181293067,0.0,0.0,0.0
1.2000000000000002,compartilhado,0.5343030226786762,0.0,0.5343030226786762,0.0,0.0,0.0
1.3,compartilhado,0.5377471212208607,0.0,0.5377471212208607,0.0,0.0,0.0
1.4000000000000001,compartilhado,0.5393938277972415,0.0,0.5393938277972415,0.0,0.0,0.0
1.5,compartilhado,0.5381976476749083,0.0,0.5381976476749083,0.0,0.0,0.0
1.6,compartilhado,0.5349751913004678,0.0,0.5349751913004678,0.0,0.0,0.0
1.7000000000000002,compartilhado,0.5297283460189268,0.0,0.5297283460189268,0.0,0.0,0.0
1.8,compartilhado,0.52583389611695,0.0,0.52583389611695,0.0,0.0,0.0
1.9000000000000001,compartilhado,0.5259614097762618,0.0,0.5259614097762618,0.0,0.0,0.0
2.0,compartilhado,0.5237335234886866,0.0,0.5237335234886866,0.0,0.0,0.0
2.1,compartilhado,0.5165601155988689,0.0,0.5165601155988689,0.0,0.0,0.0
2.2,compartilhado,0.49424457133856486,0.0,0.49424457133856486,0.0,0.0,0.0
2.3000000000000003,compartilhado,0.49999271907652326,0.0,0.49999271907652326,0.0,0.0,0.0
2.4000000000000004,compartilhado,0.49844811739385864,0.0,0.49844811739385864,0.0,0.0,0.0
2.5,compartilhado,0.5150178625570834,0.0,0.5150178625570834,0.0,0.0,0.0
2.6,compartilhado,0.5083981699670193,0.0,0.5083981699670193,0.0,0.0,0.0
2.7,compartilhado,0.5102703342009922,0.0,0.5102703342009922,0.0,0.0,0.0
2.8000000000000003,compartilhado,0.510419055877852,0.0,0.510419055877852,0.0,0.0,0.0
2.9000000000000004,compartilhado,0.5165966573771121,0.0,0.5165966573771121,0.0,0.0,0.0
3.0,compartilhado,0.5188011755501151,0.0,0.5188011755501151,0.0,0.0,0.0
3.1,compartilhado,0.5132478169085734,0.0,0.5132478169085734,0.0,0.0,0.0
3.2,compartilhado,0.5098559781722503,0.0,0.5098559781722503,0.0,0.0,0.0
3.3000000000000003,compartilhado,0.5118168122011244,0.0,0.5118168122011244,0.0,0.0,0.0
3.4000000000000004,compartilhado,0.5195912921529168,0.0,0.5195912921529168,0.0,0.0,0.0
3.5,compartilhado,0.5219305829266566,0.0,0.5219305829266566,0.0,0.0,0.0
3.6,compartilhado,0.5119477905304574,0.0,0.5119477905304574,0.0,0.0,0.0
3.7,compartilhado,0.5029329941157205,0.0,0.5029329941157205,0.0,0.0,0.0
3.8000000000000003,compartilhado,0.4953605320203996,0.0,0.4953605320203996,0.0,0.0,0.0
3.9000000000000004,compartilhado,0.4946958005652891,0.0,0.4946958005652891,0.0,0.0,0.0
4.0,compartilhado,0.4824015621567686,0.0,0.4824015621567686,0.0,0.0,0.0
4.1000000000000005,compartilhado,0.4955762927682354,0.0,0.4955762927682354,0.0,0.0,0.0
4.2,compartilhado,0.5183464269431833,0.0,0.5183464269431833,0.0,0.0,0.0
4.3,compartilhado,0.53415740617964,0.0,0.53415740617964,0.0,0.0,0.0
4.4,compartilhado,0.5539843412935036,0.0,0.5539843412935036,0.0,0.0,0.0
4.5,compartilhado,0.566150643397025,0.0,0.566150643397025,0.0,0.0,0.0
4.6000000000000005,compartilhado,0.5766927427433474,0.0,0.5766927427433474,0.0,0.0,0.0
4.7,compartilhado,0.5815293181458975,0.0,0.5815293181458975,0.0,0.0,0.0
4.800000000000001,compartilhado,0.5802659854563813,0.0,0.5802659854563813,0.0,0.0,0.0
4.9,compartilhado,0.5783673016712245,0.0,0.5783673016712245,0.0,0.0,0.0
5.0,compartilhado,0.5853488268427688,0.0,0.5853488268427688,0.0,0.0,0.0
5.1000000000000005,compartilhado,0.5937265572407214,0.0,0.5937265572407214,0.0,0.0,0.0
5.2,compartilhado,0.5954582281894877,0.0,0.5954582281894877,0.0,0.0,0.0
5.300000000000001,compartilhado,0.5851481089600378,0.0,0.5851481089600378,0.0,0.0,0.0
5.4,compartilhado,0.5656791209108692,0.0,0.5656791209108692,0.0,0.0,0.0
5.5,compartilhado,0.5558277955928078,0.0,0.5558277955928078,0.0,0.0,0.0
5.6000000000000005,compartilhado,0.5529751950361617,0.0,0.5529751950361617,0.0,0.0,0.0
5.7,compartilhado,0.568047311042795,0.0,0.568047311042795,0.0,0.0,0.0
5.800000000000001,compartilhado,0.5776286383721204,0.0,0.5776286383721204,0.0,0.0,0.0
5.9,compartilhado,0.5747884679784183,0.0,0.5747884679784183,0.0,0.0,0.0
6.0,compartilhado,0.5685210461420882,0.0,0.5685210461420882,0.0,0.0,0.0
6.1000000000000005,compartilhado,0.5687723116288206,0.0,0.5687723116288206,0.0,0.0,0.0
6.2,compartilhado,0.564583130871852,0.0,0.564583130871852,0.0,0.0,0.0
6.300000000000001,compartilhado,0.5573249563532556,0.0,0.5573249563532556,0.0,0.0,0.0
6.4,compartilhado,0.55512454052451,0.0,0.55512454052451,0.0,0.0,0.0
6.5,compartilhado,0.555532812106605,0.0,0.555532812106605,0.0,0.0,0.0
6.6000000000000005,compartilhado,0.549884037840663,0.0,0.549884037840663,0.0,0.0,0.0
6.7,compartilhado,0.5477450777541807,0.0,0.5477450777541807,0.0,0.0,0.0
6.800000000000001,compartilhado,0.5631661326943297,0.0,0.5631661326943297,0.0,0.0,0.0
6.9,compartilhado,0.5725231677999884,0.0,0.5725231677999884,0.0,0.0,0.0
7.0,compartilhado,0.5748313033710505,0.0,0.5748313033710505,0.0,0.0,0.0
7.1000000000000005,compartilhado,0.5850925791817511,0.0,0.5850925791817511,0.0,0.0,0.0
7.2,compartilhado,0.5982444768257239,0.0,0.5982444768257239,0.0,0.0,0.0
7.300000000000001,compartilhado,0.6072169987396485,0.0,0.6072169987396485,0.0,0.0,0.0
7.4,compartilhado,0.6095185930076682,0.0,0.6095185930076682,0.0,0.0,0.0
7.5,compartilhado,0.6077509663218239,0.0,0.6077509663218239,0.0,0.0,0.0
7.6000000000000005,compartilhado,0.6000112383776525,0.0,0.6000112383776525,0.0,0.0,0.0
7.7,compartilhado,0.5920868436960429,0.0,0.5920868436960429,0.0,0.0,0.0
7.800000000000001,compartilhado,0.590959881045551,0.0,0.590959881045551,0.0,0.0,0.0
7.9,compartilhado,0.5910412939123557,0.0,0.5910412939123557,0.0,0.0,0.0
8.0,compartilhado,0.5962166192320701,0.1111111111111111,0.6239943970098479,0.0,0.3333333333333333,0.0
8.1,compartilhado,0.6025669451423085,0.1111111111111111,0.6303447229200863,0.0,0.3333333333333333,0.0
8.200000000000001,compartilhado,0.6050083552935223,0.16666666666666666,0.6466750219601889,0.0,0.5,0.0
8.3,compartilhado,0.6012523080523878,0.16666666666666666,0.6429189747190545,0.0,0.5,0.0
8.4,compartilhado,0.5906542734332442,0.16666666666666666,0.6323209400999108,0.0,0.5,0.0
8.5,compartilhado,0.5677983937048647,0.16666666666666666,0.6094650603715314,0.0,0.5,0.0
8.6,compartilhado,0.5565124762775332,0.2222222222222222,0.6120680318330888,0.0,0.6666666666666666,0.0
8.700000000000001,compartilhado,0.560648411878637,0.2222222222222222,0.6162039674341926,0.0,0.6666666666666666,0.0
8.8,compartilhado,0.5676733867449015,0.2222222222222222,0.6232289423004571,0.0,0.6666666666666666,0.0
8.9,compartilhado,0.5808098563615268,0.2222222222222222,0.6363654119170824,0.0,0.6666666666666666,0.0
9.0,compartilhado,0.5843221356617506,0.2777777777777778,0.653766580106195,0.0,0.8333333333333334,0.0
9.1,compartilhado,0.5854285066541031,0.2777777777777778,0.6548729510985475,0.0,0.8333333333333334,0.0
9.200000000000001,compartilhado,0.5844527976800081,0.2777777777777778,0.6538972421244525,0.0,0.8333333333333334,0.0
9.3,compartilhado,0.5791602989921004,0.2777777777777778,0.6486047434365448,0.0,0.8333333333333334,0.0
9.4,compartilhado,0.574896724033939,0.2777777777777778,0.6443411684783834,0.0,0.8333333333333334,0.0
9.5,compartilhado,0.5669137647298509,0.2777777777777778,0.6363582091742953,0.0,0.8333333333333334,0.0
9.600000000000001,compartilhado,0.5664665742606335,0.2777777777777778,0.6359110187050779,0.0,0.8333333333333334,0.0
9.700000000000001,compartilhado,0.5714234988935819,0.2777777777777778,0.6408679433380263,0.0,0.8333333333333334,0.0
9.8,compartilhado,0.567463599034169,0.2777777777777778,0.6369080434786134,0.0,0.8333333333333334,0.0
9.9,compartilhado,0.5635548062664562,0.2777777777777778,0.6329992507109006,0.0,0.8333333333333334,0.0
10.0,compartilhado,0.5627253524186094,0.2777777777777778,0.6321697968630539,0.0,0.8333333333333334,0.0
10.100000000000001,compartilhado,0.5534265547832518,0.2777777777777778,0.6228709992276962,0.0,0.8333333333333334,0.0
10.200000000000001,compartilhado,0.5593956721168326,0.2777777777777778,0.628840116561277,0.0,0.8333333333333334,0.0
10.3,compartilhado,0.5654861406721846,0.2777777777777778,0.634930585116629,0.0,0.8333333333333334,0.0
10.4,compartilhado,0.5718122531142156,0.2777777777777778,0.64125669755866,0.0,0.8333333333333334,0.0
10.5,compartilhado,0.5763340439939092,0.2777777777777778,0.6457784884383536,0.0,0.8333333333333334,0.0
10.600000000000001,compartilhado,0.5735452012779368,0.2777777777777778,0.6429896457223813,0.0,0.8333333333333334,0.0
10.700000000000001,compartilhado,0.5682423042288106,0.2777777777777778,0.637686748673255,0.0,0.8333333333333334,0.0
10.8,compartilhado,0.5805641119578308,0.2777777777777778,0.6500085564022752,0.0,0.8333333333333334,0.0
10.9,compartilhado,0.5836318437345208,0.3333333333333333,0.6669651770678542,0.0,1.0,0.0
11.0,compartilhado,0.5884475330569477,0.3333333333333333,0.6717808663902811,0.0,1.0,0.0
11.100000000000001,compartilhado,0.5992918589381567,0.3333333333333333,0.6826251922714901,0.0,1.0,0.0
11.200000000000001,compartilhado,0.6074922121475251,0.3333333333333333,0.6908255454808585,0.0,1.0,0.0
11.3,compartilhado,0.6115424130329131,0.3333333333333333,0.6948757463662465,0.0,1.0,0.0
11.4,compartilhado,0.6222080682207315,0.3333333333333333,0.7055414015540649,0.0,1.0,0.0
11.5,compartilhado,0.6289284513621402,0.3333333333333333,0.7122617846954735,0.0,1.0,0.0
11.600000000000001,compartilhado,0.6335411684620619,0.3333333333333333,0.7168745017953952,0.0,1.0,0.0
11.700000000000001,compartilhado,0.6344750507811056,0.3333333333333333,0.7178083841144389,0.0,1.0,0.0
11.8,compartilhado,0.6321751766782046,0.3333333333333333,0.7155085100115379,0.0,1.0,0.0
11.9,compartilhado,0.630080732333883,0.3333333333333333,0.7134140656672163,0.0,1.0,0.0
12.0,compartilhado,0.6310435228480862,0.3333333333333333,0.7143768561814196,0.0,1.0,0.0
12.100000000000001,compartilhado,0.6319654049189184,0.3333333333333333,0.7152987382522518,0.0,1.0,0.0
12.200000000000001,compartilhado,0.6341227438879393,0.3333333333333333,0.7174560772212727,0.0,1.0,0.0
12.3,compartilhado,0.6286640496711641,0.3333333333333333,0.7119973830044974,0.0,1.0,0.0
12.4,compartilhado,0.6181226392923321,0.3333333333333333,0.7014559726256655,0.0,1.0,0.0
12.5,compartilhado,0.6094692520647724,0.3333333333333333,0.6928025853981058,0.0,1.0,0.0
12.600000000000001,compartilhado,0.607229610018012,0.3333333333333333,0.6905629433513454,0.0,1.0,0.0
12.700000000000001,compartilhado,0.6141105667095443,0.3333333333333333,0.6974439000428777,0.0,1.0,0.0
12.8,compartilhado,0.6171733203266788,0.3333333333333333,0.7005066536600122,0.0,1.0,0.0
12.9,compartilhado,0.6156441953488574,0.3333333333333333,0.6989775286821908,0.0,1.0,0.0
13.0,compartilhado,0.6092678137902999,0.3333333333333333,0.6926011471236333,0.0,1.0,0.0
13.100000000000001,compartilhado,0.6046601157327048,0.3333333333333333,0.6879934490660382,0.0,1.0,0.0
13.200000000000001,compartilhado,0.6044822657919059,0.3333333333333333,0.6878155991252393,0.0,1.0,0.0
13.3,compartilhado,0.6022124422219312,0.3333333333333333,0.6855457755552645,0.0,1.0,0.0
13.4,compartilhado,0.5953805146939494,0.3333333333333333,0.6787138480272827,0.0,1.0,0.0
13.5,compartilhado,0.596362338241334,0.3333333333333333,0.6796956715746674,0.0,1.0,0.0
13.600000000000001,compartilhado,0.6023774114114483,0.3333333333333333,0.6857107447447817,0.0,1.0,0.0
13.700000000000001,compartilhado,0.6026486945573025,0.3333333333333333,0.6859820278906359,0.0,1.0,0.0
13.8,compartilhado,0.6012684234932187,0.3333333333333333,0.6846017568265521,0.0,1.0,0.0
13.9,compartilhado,0.6022015451153956,0.3333333333333333,0.685534878448729,0.0,1.0,0.0
14.0,compartilhado,0.5996212935468712,0.3333333333333333,0.6829546268802046,0.0,1.0,0.0
14.100000000000001,compartilhado,0.6084555511682733,0.3333333333333333,0.6917888845016067,0.0,1.0,0.0
14.200000000000001,compartilhado,0.6137715830027071,0.3333333333333333,0.6971049163360404,0.0,1.0,0.0
14.3,compartilhado,0.615651657178843,0.3333333333333333,0.6989849905121763,0.0,1.0,0.0
14.4,compartilhado,0.6201798739098426,0.3333333333333333,0.703513207243176,0.0,1.0,0.0
14.5,compartilhado,0.6231925381003729,0.3333333333333333,0.7065258714337063,0.0,1.0,0.0
14.600000000000001,compartilhado,0.6218197826857307,0.3333333333333333,0.705153116019064,0.0,1.0,0.0
14.700000000000001,compartilhado,0.6165874748303836,0.3333333333333333,0.6999208081637169,0.0,1.0,0.0
14.8,compartilhado,0.5985528705134587,0.3333333333333333,0.6818862038467921,0.0,1.0,0.0
14.9,compartilhado,0.6008363262267115,0.3333333333333333,0.6841696595600448,0.0,1.0,0.0
15.0,compartilhado,0.6163232785152645,0.3333333333333333,0.6996566118485978,0.0,1.0,0.0
15.100000000000001,compartilhado,0.6227517716461257,0.3333333333333333,0.7060851049794591,0.0,1.0,0.0
15.200000000000001,compartilhado,0.6176109416996375,0.3333333333333333,0.7009442750329709,0.0,1.0,0.0
15.3,compartilhado,0.6145727115277618,0.3333333333333333,0.6979060448610952,0.0,1.0,0.0
15.4,compartilhado,0.6344632507825217,0.3333333333333333,0.7177965841158551,0.0,1.0,0.0
15.5,compartilhado,0.6442731707281885,0.3333333333333333,0.7276065040615218,0.0,1.0,0.0
15.600000000000001,compartilhado,0.6452829932662784,0.3333333333333333,0.7286163265996117,0.0,1.0,0.0
15.700000000000001,compartilhado,0.6396907842595444,0.3333333333333333,0.7230241175928778,0.0,1.0,0.0
15.8,compartilhado,0.6324609658037618,0.3333333333333333,0.7157942991370951,0.0,1.0,0.0
15.9,compartilhado,0.6307641790061297,0.3333333333333333,0.7140975123394631,0.0,1.0,0.0
16.0,compartilhado,0.6287261370508151,0.3333333333333333,0.7120594703841485,0.0,1.0,0.0
16.1,compartilhado,0.6302612643191429,0.3333333333333333,0.7135945976524762,0.0,1.0,0.0
16.2,compartilhado,0.6337016362190421,0.3333333333333333,0.7170349695523754,0.0,1.0,0.0
16.3,compartilhado,0.6315706812437233,0.3333333333333333,0.7149040145770567,0.0,1.0,0.0
16.400000000000002,compartilhado,0.6196386167469833,0.3333333333333333,0.7029719500803167,0.0,1.0,0.0
16.5,compartilhado,0.6261743187745278,0.3333333333333333,0.7095076521078612,0.0,1.0,0.0
16.6,compartilhado,0.6306066653682897,0.3333333333333333,0.7139399987016231,0.0,1.0,0.0
16.7,compartilhado,0.630568224717584,0.3333333333333333,0.7139015580509174,0.0,1.0,0.0
16.8,compartilhado,0.6316655981697034,0.3333333333333333,0.7149989315030367,0.0,1.0,0.0
16.900000000000002,compartilhado,0.6337833559600649,0.3333333333333333,0.7171166892933982,0.0,1.0,0.0
17.0,compartilhado,0.6401420032473009,0.3333333333333333,0.7234753365806342,0.0,1.0,0.0
17.1,compartilhado,0.6422506612748595,0.3333333333333333,0.7255839946081929,0.0,1.0,0.0
17.2,compartilhado,0.6435519281765384,0.3333333333333333,0.7268852615098718,0.0,1.0,0.0
17.3,compartilhado,0.6401661081649931,0.3333333333333333,0.7234994414983265,0.0,1.0,0.0
17.400000000000002,compartilhado,0.6458431027048733,0.3333333333333333,0.7291764360382067,0.0,1.0,0.0
17.5,compartilhado,0.6458614738131577,0.3333333333333333,0.7291948071464911,0.0,1.0,0.0
17.6,compartilhado,0.6418388484276225,0.3333333333333333,0.7251721817609559,0.0,1.0,0.0
17.7,compartilhado,0.6322391776050528,0.3333333333333333,0.7155725109383861,0.0,1.0,0.0
17.8,compartilhado,0.616418053561338,0.3333333333333333,0.6997513868946714,0.0,1.0,0.0
17.900000000000002,compartilhado,0.6182717528035079,0.3333333333333333,0.7016050861368412,0.0,1.0,0.0
18.0,compartilhado,0.6316666947169816,0.3333333333333333,0.7150000280503149,0.0,1.0,0.0
18.1,compartilhado,0.6416181114083831,0.3333333333333333,0.7249514447417165,0.0,1.0,0.0
18.2,compartilhado,0.6509012049094728,0.3333333333333333,0.7342345382428062,0.0,1.0,0.0
18.3,compartilhado,0.6599487711984162,0.3333333333333333,0.7432821045317496,0.0,1.0,0.0
18.400000000000002,compartilhado,0.667067447218384,0.3333333333333333,0.7504007805517173,0.0,1.0,0.0
18.5,compartilhado,0.6698983092846406,0.3333333333333333,0.7532316426179739,0.0,1.0,0.0
18.6,compartilhado,0.6697626992359091,0.3333333333333333,0.7530960325692425,0.0,1.0,0.0
18.7,compartilhado,0.6768432253996153,0.3333333333333333,0.7601765587329486,0.0,1.0,0.0
18.8,compartilhado,0.6815450582961038,0.3333333333333333,0.7648783916294372,0.0,1.0,0.0
18.900000000000002,compartilhado,0.6844430115306923,0.3333333333333333,0.7677763448640257,0.0,1.0,0.0
19.0,compartilhado,0.6833990634685225,0.3333333333333333,0.7667323968018559,0.0,1.0,0.0
19.1,compartilhado,0.6742517527041926,0.3333333333333333,0.757585086037526,0.0,1.0,0.0
19.200000000000003,compartilhado,0.6613391160177297,0.3333333333333333,0.744672449351063,0.0,1.0,0.0
19.3,compartilhado,0.6481019779843556,0.3333333333333333,0.731435311317689,0.0,1.0,0.0
19.400000000000002,compartilhado,0.6391073720386377,0.3333333333333333,0.722440705371971,0.0,1.0,0.0
19.5,compartilhado,0.6331673592117916,0.3333333333333333,0.7165006925451249,0.0,1.0,0.0
19.6,compartilhado,0.6286749145312382,0.3333333333333333,0.7120082478645716,0.0,1.0,0.0
19.700000000000003,compartilhado,0.6278675750312545,0.3333333333333333,0.7112009083645878,0.0,1.0,0.0
19.8,compartilhado,0.6268429628033553,0.3333333333333333,0.7101762961366886,0.0,1.0,0.0
19.900000000000002,compartilhado,0.6186865326140077,0.3333333333333333,0.7020198659473411,0.0,1.0,0.0
20.0,compartilhado,0.615991047779293,0.3333333333333333,0.6993243811126264,0.0,1.0,0.0
20.1,compartilhado,0.622978501997283,0.3333333333333333,0.7063118353306164,0.0,1.0,0.0
20.200000000000003,compartilhado,0.6258311084895257,0.3333333333333333,0.7091644418228591,0.0,1.0,0.0
20.3,compartilhado,0.6249420971073402,0.3333333333333333,0.7082754304406735,0.0,1.0,0.0
20.400000000000002,compartilhado,0.6145023763598231,0.3333333333333333,0.6978357096931564,0.0,1.0,0.0
20.5,compartilhado,0.6118201097828528,0.3333333333333333,0.6951534431161862,0.0,1.0,0.0
20.6,compartilhado,0.6211678180958767,0.3333333333333333,0.7045011514292101,0.0,1.0,0.0
20.700000000000003,compartilhado,0.6288850783818457,0.3333333333333333,0.7122184117151791,0.0,1.0,0.0
20.8,compartilhado,0.6296761474310292,0.3333333333333333,0.7130094807643625,0.0,1.0,0.0
20.900000000000002,compartilhado,0.6271581411729316,0.3333333333333333,0.7104914745062649,0.0,1.0,0.0
21.0,compartilhado,0.6287894161606825,0.3333333333333333,0.7121227494940159,0.0,1.0,0.0
21.1,compartilhado,0.6387105049451474,0.3333333333333333,0.7220438382784807,0.0,1.0,0.0
21.200000000000003,compartilhado,0.637732335282152,0.3333333333333333,0.7210656686154854,0.0,1.0,0.0
21.3,compartilhado,0.6315790527052186,0.3333333333333333,0.714912386038552,0.0,1.0,0.0
21.400000000000002,compartilhado,0.6218935680236776,0.3333333333333333,0.7052269013570109,0.0,1.0,0.0
21.5,compartilhado,0.6312178916414393,0.3333333333333333,0.7145512249747726,0.0,1.0,0.0
21.6,compartilhado,0.6457722045004638,0.3333333333333333,0.7291055378337972,0.0,1.0,0.0
21.700000000000003,compartilhado,0.656231103566586,0.3333333333333333,0.7395644368999194,0.0,1.0,0.0
21.8,compartilhado,0.6620606853805899,0.3333333333333333,0.7453940187139233,0.0,1.0,0.0
21.900000000000002,compartilhado,0.6690599821729588,0.3333333333333333,0.7523933155062922,0.0,1.0,0.0
22.0,compartilhado,0.6679014542459282,0.3333333333333333,0.7512347875792615,0.0,1.0,0.0
22.1,compartilhado,0.6580328754099362,0.3333333333333333,0.7413662087432695,0.0,1.0,0.0
22.200000000000003,compartilhado,0.6536086194977672,0.3333333333333333,0.7369419528311005,0.0,1.0,0.0
22.3,compartilhado,0.6552039716309331,0.3333333333333333,0.7385373049642665,0.0,1.0,0.0
22.400000000000002,compartilhado,0.6650896272078047,0.3333333333333333,0.7484229605411381,0.0,1.0,0.0
22.5,compartilhado,0.6710804617125024,0.3333333333333333,0.7544137950458357,0.0,1.0,0.0
22.6,compartilhado,0.6769569920299113,0.3333333333333333,0.7602903253632447,0.0,1.0,0.0
22.700000000000003,compartilhado,0.6737148348855356,0.3333333333333333,0.757048168218869,0.0,1.0,0.0
22.8,compartilhado,0.665933863436512,0.3333333333333333,0.7492671967698453,0.0,1.0,0.0
22.900000000000002,compartilhado,0.6697293492422873,0.3333333333333333,0.7530626825756207,0.0,1.0,0.0
23.0,compartilhado,0.6742501039558421,0.3333333333333333,0.7575834372891754,0.0,1.0,0.0
23.1,compartilhado,0.6805534948436455,0.3333333333333333,0.7638868281769788,0.0,1.0,0.0
23.200000000000003,compartilhado,0.6782722750071074,0.3333333333333333,0.7616056083404408,0.0,1.0,0.0
23.3,compartilhado,0.6723937082967543,0.3333333333333333,0.7557270416300876,0.0,1.0,0.0
23.400000000000002,compartilhado,0.6698126869174056,0.3333333333333333,0.753146020250739,0.0,1.0,0.0
23.5,compartilhado,0.6658036157843704,0.3333333333333333,0.7491369491177038,0.0,1.0,0.0
23.6,compartilhado,0.6597669641438834,0.3333333333333333,0.7431002974772167,0.0,1.0,0.0
23.700000000000003,compartilhado,0.6534638889273098,0.3333333333333333,0.7367972222606431,0.0,1.0,0.0
23.8,compartilhado,0.6500046725378735,0.3333333333333333,0.7333380058712069,0.0,1.0,0.0
23.900000000000002,compartilhado,0.6491749189661148,0.3333333333333333,0.7325082522994482,0.0,1.0,0.0
24.0,compartilhado,0.6461418846281239,0.3333333333333333,0.7294752179614573,0.0,1.0,0.0
24.1,compartilhado,0.6401141689558213,0.3333333333333333,0.7234475022891547,0.0,1.0,0.0
24.200000000000003,compartilhado,0.6421197092645867,0.3333333333333333,0.7254530425979201,0.0,1.0,0.0
24.3,compartilhado,0.648136055388358,0.3333333333333333,0.7314693887216913,0.0,1.0,0.0
24.400000000000002,compartilhado,0.6533669681953115,0.3333333333333333,0.7367003015286449,0.0,1.0,0.0
24.5,compartilhado,0.6535867328422942,0.3333333333333333,0.7369200661756276,0.0,1.0,0.0
24.6,compartilhado,0.645462883892653,0.3333333333333333,0.7287962172259864,0.0,1.0,0.0
24.700000000000003,compartilhado,0.6336569481102372,0.3333333333333333,0.7169902814435706,0.0,1.0,0.0
24.8,compartilhado,0.6294328770688468,0.3333333333333333,0.7127662104021801,0.0,1.0,0.0
24.900000000000002,compartilhado,0.6430232222256026,0.3333333333333333,0.726356555558936,0.0,1.0,0.0
25.0,compartilhado,0.6573552297744386,0.3333333333333333,0.740688563107772,0.0,1.0,0.0
25.1,compartilhado,0.6657041694296798,0.3333333333333333,0.7490375027630132,0.0,1.0,0.0
25.200000000000003,compartilhado,0.6633609528342216,0.3333333333333333,0.746694286167555,0.0,1.0,0.0
25.3,compartilhado,0.6620997866107249,0.3333333333333333,0.7454331199440583,0.0,1.0,0.0
25.400000000000002,compartilhado,0.6682256973993158,0.3333333333333333,0.7515590307326492,0.0,1.0,0.0
25.5,compartilhado,0.6629876137391398,0.3333333333333333,0.7463209470724732,0.0,1.0,0.0
25.6,compartilhado,0.6540168431264729,0.3333333333333333,0.7373501764598063,0.0,1.0,0.0
25.700000000000003,compartilhado,0.6624473686169602,0.3333333333333333,0.7457807019502936,0.0,1.0,0.0
25.8,compartilhado,0.6684448287939883,0.3333333333333333,0.7517781621273216,0.0,1.0,0.0
25.900000000000002,compartilhado,0.6664629342922771,0.3333333333333333,0.7497962676256105,0.0,1.0,0.0
26.0,compartilhado,0.6594312476339094,0.3333333333333333,0.7427645809672427,0.0,1.0,0.0
26.1,compartilhado,0.6565112795085177,0.3333333333333333,0.7398446128418511,0.0,1.0,0.0
26.200000000000003,compartilhado,0.6548964472515139,0.3333333333333333,0.7382297805848472,0.0,1.0,0.0
26.3,compartilhado,0.6464985761266514,0.3333333333333333,0.7298319094599848,0.0,1.0,0.0
26.400000000000002,compartilhado,0.6364465473479587,0.3333333333333333,0.7197798806812921,0.0,1.0,0.0
26.5,compartilhado,0.6261221292629581,0.3333333333333333,0.7094554625962914,0.0,1.0,0.0
26.6,compartilhado,0.6286610215001812,0.3333333333333333,0.7119943548335146,0.0,1.0,0.0
26.700000000000003,compartilhado,0.6351496540732748,0.3333333333333333,0.7184829874066082,0.0,1.0,0.0
26.8,compartilhado,0.6328318434937074,0.3333333333333333,0.7161651768270407,0.0,1.0,0.0
26.900000000000002,compartilhado,0.6334795510932174,0.3333333333333333,0.7168128844265508,0.0,1.0,0.0
27.0,compartilhado,0.6292420259146189,0.3333333333333333,0.7125753592479522,0.0,1.0,0.0
27.1,compartilhado,0.6235561043734438,0.3333333333333333,0.7068894377067771,0.0,1.0,0.0
27.200000000000003,compartilhado,0.6284154829284996,0.3333333333333333,0.711748816261833,0.0,1.0,0.0
27.3,compartilhado,0.6365462304376245,0.3333333333333333,0.7198795637709579,0.0,1.0,0.0
27.400000000000002,compartilhado,0.642242617586518,0.3333333333333333,0.7255759509198514,0.0,1.0,0.0
27.5,compartilhado,0.653813782280953,0.3333333333333333,0.7371471156142864,0.0,1.0,0.0
27.6,compartilhado,0.6618937039493454,0.3333333333333333,0.7452270372826788,0.0,1.0,0.0
27.700000000000003,compartilhado,0.6642169888220649,0.3333333333333333,0.7475503221553983,0.0,1.0,0.0
27.8,compartilhado,0.6636266566613388,0.3333333333333333,0.7469599899946722,0.0,1.0,0.0
27.900000000000002,compartilhado,0.6568201988158294,0.3333333333333333,0.7401535321491628,0.0,1.0,0.0
28.0,compartilhado,0.6511106128013149,0.3333333333333333,0.7344439461346483,0.0,1.0,0.0
28.1,compartilhado,0.6387333749474671,0.3333333333333333,0.7220667082808004,0.0,1.0,0.0
28.200000000000003,compartilhado,0.6429325103013516,0.3333333333333333,0.7262658436346849,0.0,1.0,0.0
28.3,compartilhado,0.6530285131116322,0.3333333333333333,0.7363618464449656,0.0,1.0,0.0
28.400000000000002,compartilhado,0.6675076815006626,0.3333333333333333,0.750841014833996,0.0,1.0,0.0
28.5,compartilhado,0.6750254503849326,0.3333333333333333,0.7583587837182659,0.0,1.0,0.0
28.6,compartilhado,0.6747906890775998,0.3333333333333333,0.7581240224109331,0.0,1.0,0.0
28.700000000000003,compartilhado,0.6770759048660554,0.3333333333333333,0.7604092381993888,0.0,1.0,0.0
28.8,compartilhado,0.6899484198072345,0.3333333333333333,0.7732817531405679,0.0,1.0,0.0
28.900000000000002,compartilhado,0.6868983006419284,0.3333333333333333,0.7702316339752617,0.0,1.0,0.0
29.0,compartilhado,0.6885035002264611,0.3333333333333333,0.7718368335597945,0.0,1.0,0.0
29.1,compartilhado,0.6793492836014351,0.3333333333333333,0.7626826169347685,0.0,1.0,0.0
29.200000000000003,compartilhado,0.665231650788955,0.3333333333333333,0.7485649841222883,0.0,1.0,0.0
29.3,compartilhado,0.6647929619232227,0.3333333333333333,0.748126295256556,0.0,1.0,0.0
29.400000000000002,compartilhado,0.6688505139580533,0.3333333333333333,0.7521838472913867,0.0,1.0,0.0
29.5,compartilhado,0.6779233911710568,0.3333333333333333,0.7612567245043902,0.0,1.0,0.0
29.6,compartilhado,0.6817380594624926,0.3333333333333333,0.7650713927958259,0.0,1.0,0.0
29.700000000000003,compartilhado,0.6778685916383504,0.3333333333333333,0.7612019249716838,0.0,1.0,0.0
29.8,compartilhado,0.6669379384827817,0.3333333333333333,0.7502712718161151,0.0,1.0,0.0
29.900000000000002,compartilhado,0.6613618113535764,0.3333333333333333,0.7446951446869098,0.0,1.0,0.0
30.0,compartilhado,0.6601880578287463,0.3333333333333333,0.7435213911620797,0.0,1.0,0.0
30.1,compartilhado,0.6531125930152611,0.3333333333333333,0.7364459263485945,0.0,1.0,0.0
30.200000000000003,compartilhado,0.6514577868738969,0.3333333333333333,0.7347911202072303,0.0,1.0,0.0
30.3,compartilhado,0.6598650139582994,0.3333333333333333,0.7431983472916328,0.0,1.0,0.0
30.400000000000002,compartilhado,0.6588064356616578,0.3333333333333333,0.7421397689949911,0.0,1.0,0.0
30.5,compartilhado,0.6513483905567169,0.3333333333333333,0.7346817238900503,0.0,1.0,0.0
30.6,compartilhado,0.6522096579894302,0.3333333333333333,0.7355429913227636,0.0,1.0,0.0
30.700000000000003,compartilhado,0.6478900918248794,0.3333333333333333,0.7312234251582128,0.0,1.0,0.0
30.8,compartilhado,0.6513299200733645,0.3333333333333333,0.7346632534066979,0.0,1.0,0.0
30.900000000000002,compartilhado,0.6485794773775403,0.3333333333333333,0.7319128107108737,0.0,1.0,0.0
31.0,compartilhado,0.6420377212898897,0.3333333333333333,0.725371054623223,0.0,1.0,0.0
31.1,compartilhado,0.6342185009059651,0.3333333333333333,0.7175518342392985,0.0,1.0,0.0
31.200000000000003,compartilhado,0.62929783337034,0.3333333333333333,0.7126311667036733,0.0,1.0,0.0
31.3,compartilhado,0.6501524461180864,0.3333333333333333,0.7334857794514198,0.0,1.0,0.0
31.400000000000002,compartilhado,0.6565629805029546,0.3333333333333333,0.739896313836288,0.0,1.0,0.0
31.5,compartilhado,0.6590919563693479,0.3333333333333333,0.7424252897026813,0.0,1.0,0.0
31.6,compartilhado,0.6534921206406786,0.3333333333333333,0.736825453974012,0.0,1.0,0.0
31.700000000000003,compartilhado,0.6294409317479835,0.3333333333333333,0.7127742650813169,0.0,1.0,0.0
31.8,compartilhado,0.6203551827647508,0.3333333333333333,0.7036885160980841,0.0,1.0,0.0
31.900000000000002,compartilhado,0.6237413918404796,0.3333333333333333,0.707074725173813,0.0,1.0,0.0
32.0,compartilhado,0.6303526101488289,0.3333333333333333,0.7136859434821623,0.0,1.0,0.0
32.1,compartilhado,0.6368225607248418,0.3333333333333333,0.7201558940581752,0.0,1.0,0.0
32.2,compartilhado,0.6462610535398249,0.3333333333333333,0.7295943868731583,0.0,1.0,0.0
32.300000000000004,compartilhado,0.6615110978394297,0.3333333333333333,0.7448444311727631,0.0,1.0,0.0
32.4,compartilhado,0.6785336101670337,0.3333333333333333,0.7618669435003671,0.0,1.0,0.0
32.5,compartilhado,0.6828977458854047,0.3333333333333333,0.7662310792187381,0.0,1.0,0.0
32.6,compartilhado,0.6832243809826924,0.3333333333333333,0.7665577143160258,0.0,1.0,0.0
32.7,compartilhado,0.6908406434729065,0.3333333333333333,0.7741739768062399,0.0,1.0,0.0
32.800000000000004,compartilhado,0.6914310210077336,0.3333333333333333,0.7747643543410669,0.0,1.0,0.0
32.9,compartilhado,0.6860696473299911,0.3333333333333333,0.7694029806633245,0.0,1.0,0.0
33.0,compartilhado,0.6921720317367347,0.3333333333333333,0.7755053650700681,0.0,1.0,0.0
33.1,compartilhado,0.6997456022394855,0.3333333333333333,0.7830789355728188,0.0,1.0,0.0
33.2,compartilhado,0.6974683050188308,0.3333333333333333,0.7808016383521642,0.0,1.0,0.0
33.300000000000004,compartilhado,0.6905823137551438,0.3333333333333333,0.7739156470884772,0.0,1.0,0.0
33.4,compartilhado,0.6799532328863177,0.3333333333333333,0.7632865662196511,0.0,1.0,0.0
33.5,compartilhado,0.6724268038738511,0.3333333333333333,0.7557601372071845,0.0,1.0,0.0
33.6,compartilhado,0.6663168293045131,0.3333333333333333,0.7496501626378465,0.0,1.0,0.0
33.7,compartilhado,0.6669217824353612,0.3333333333333333,0.7502551157686945,0.0,1.0,0.0
33.800000000000004,compartilhado,0.6602953107942017,0.3333333333333333,0.743628644127535,0.0,1.0,0.0
33.9,compartilhado,0.652186608733672,0.3333333333333333,0.7355199420670053,0.0,1.0,0.0
34.0,compartilhado,0.6400300450333617,0.3333333333333333,0.7233633783666951,0.0,1.0,0.0
34.1,compartilhado,0.630057764192593,0.3333333333333333,0.7133910975259263,0.0,1.0,0.0
34.2,compartilhado,0.6295292176339169,0.3333333333333333,0.7128625509672503,0.0,1.0,0.0
34.300000000000004,compartilhado,0.6329494742310052,0.3333333333333333,0.7162828075643386,0.0,1.0,0.0
34.4,compartilhado,0.6439110640341469,0.3333333333333333,0.7272443973674803,0.0,1.0,0.0
34.5,compartilhado,0.6509333905907169,0.3333333333333333,0.7342667239240502,0.0,1.0,0.0
34.6,compartilhado,0.6512459354784085,0.3333333333333333,0.7345792688117418,0.0,1.0,0.0
34.7,compartilhado,0.6461464426548743,0.3333333333333333,0.7294797759882077,0.0,1.0,0.0
34.800000000000004,compartilhado,0.6462360508438562,0.3333333333333333,0.7295693841771895,0.0,1.0,0.0
34.9,compartilhado,0.6503993296521225,0.3333333333333333,0.7337326629854559,0.0,1.0,0.0
35.0,compartilhado,0.6566660251255226,0.3333333333333333,0.739999358458856,0.0,1.0,0.0
35.1,compartilhado,0.6647046793277706,0.3333333333333333,0.7480380126611039,0.0,1.0,0.0
35.2,compartilhado,0.6797357596889951,0.3333333333333333,0.7630690930223285,0.0,1.0,0.0
35.300000000000004,compartilhado,0.6869611199388421,0.3333333333333333,0.7702944532721755,0.0,1.0,0.0
35.4,compartilhado,0.6852370261432172,0.3333333333333333,0.7685703594765506,0.0,1.0,0.0
35.5,compartilhado,0.6784083348547304,0.3333333333333333,0.7617416681880638,0.0,1.0,0.0
35.6,compartilhado,0.6700179370429767,0.3333333333333333,0.7533512703763101,0.0,1.0,0.0
35.7,compartilhado,0.6895177039893664,0.3333333333333333,0.7728510373226998,0.0,1.0,0.0
35.800000000000004,compartilhado,0.7033039832232575,0.3333333333333333,0.7866373165565909,0.0,1.0,0.0
35.9,compartilhado,0.7083447707708931,0.3333333333333333,0.7916781041042265,0.0,1.0,0.0
36.0,compartilhado,0.7091091252061469,0.3333333333333333,0.7924424585394803,0.0,1.0,0.0
36.1,compartilhado,0.7096125517135561,0.3333333333333333,0.7929458850468895,0.0,1.0,0.0
36.2,compartilhado,0.7048579913503935,0.3333333333333333,0.7881913246837269,0.0,1.0,0.0
36.300000000000004,compartilhado,0.7032724523688373,0.3333333333333333,0.7866057857021707,0.0,1.0,0.0
36.4,compartilhado,0.6985213696788164,0.3333333333333333,0.7818547030121498,0.0,1.0,0.0
36.5,compartilhado,0.6938985350534508,0.3333333333333333,0.7772318683867842,0.0,1.0,0.0
36.6,compartilhado,0.6870491081200778,0.3333333333333333,0.7703824414534112,0.0,1.0,0.0
36.7,compartilhado,0.680041129126801,0.3333333333333333,0.7633744624601344,0.0,1.0,0.0
36.800000000000004,compartilhado,0.6750822886134639,0.3333333333333333,0.7584156219467972,0.0,1.0,0.0
36.9,compartilhado,0.6653321131849382,0.3333333333333333,0.7486654465182716,0.0,1.0,0.0
37.0,compartilhado,0.6642031506230003,0.3333333333333333,0.7475364839563337,0.0,1.0,0.0
37.1,compartilhado,0.6701664833199898,0.3333333333333333,0.7534998166533232,0.0,1.0,0.0
37.2,compartilhado,0.666466188701535,0.3333333333333333,0.7497995220348683,0.0,1.0,0.0
37.300000000000004,compartilhado,0.6584363176868225,0.3333333333333333,0.7417696510201559,0.0,1.0,0.0
37.4,compartilhado,0.6526230480597593,0.3333333333333333,0.7359563813930927,0.0,1.0,0.0
37.5,compartilhado,0.6474673623434684,0.3333333333333333,0.7308006956768017,0.0,1.0,0.0
37.6,compartilhado,0.6441209064780128,0.3333333333333333,0.7274542398113462,0.0,1.0,0.0
37.7,compartilhado,0.6450777972773856,0.3333333333333333,0.7284111306107189,0.0,1.0,0.0
37.800000000000004,compartilhado,0.6527324912505766,0.3333333333333333,0.73606582458391,0.0,1.0,0.0
37.9,compartilhado,0.6580090450761569,0.3333333333333333,0.7413423784094902,0.0,1.0,0.0
38.0,compartilhado,0.6661544951825462,0.3333333333333333,0.7494878285158796,0.0,1.0,0.0
38.1,compartilhado,0.670288542604267,0.3333333333333333,0.7536218759376003,0.0,1.0,0.0
38.2,compartilhado,0.6731337512360884,0.3333333333333333,0.7564670845694218,0.0,1.0,0.0
38.300000000000004,compartilhado,0.6740420052483015,0.3333333333333333,0.7573753385816349,0.0,1.0,0.0
38.400000000000006,compartilhado,0.6719234572009132,0.3333333333333333,0.7552567905342465,0.0,1.0,0.0
38.5,compartilhado,0.6761031260324591,0.3333333333333333,0.7594364593657925,0.0,1.0,0.0
38.6,compartilhado,0.66980836944798,0.3333333333333333,0.7531417027813133,0.0,1.0,0.0
38.7,compartilhado,0.6651050148412363,0.3333333333333333,0.7484383481745697,0.0,1.0,0.0
38.800000000000004,compartilhado,0.6694065111448149,0.3333333333333333,0.7527398444781482,0.0,1.0,0.0
38.900000000000006,compartilhado,0.6735195239679787,0.3333333333333333,0.756852857301312,0.0,1.0,0.0
39.0,compartilhado,0.6795111859191625,0.3333333333333333,0.7628445192524959,0.0,1.0,0.0
39.1,compartilhado,0.6891160073880523,0.3333333333333333,0.7724493407213857,0.0,1.0,0.0
39.2,compartilhado,0.7017728636636794,0.3333333333333333,0.7851061969970128,0.0,1.0,0.0
39.300000000000004,compartilhado,0.7089452904946073,0.3333333333333333,0.7922786238279407,0.0,1.0,0.0
39.400000000000006,compartilhado,0.7111474660425879,0.3333333333333333,0.7944807993759213,0.0,1.0,0.0
39.5,compartilhado,0.7132257508054378,0.3333333333333333,0.7965590841387712,0.0,1.0,0.0
39.6,compartilhado,0.7164314968486485,0.3333333333333333,0.7997648301819819,0.0,1.0,0.0
39.7,compartilhado,0.7149046241434466,0.3333333333333333,0.79823795747678,0.0,1.0,0.0
39.800000000000004,compartilhado,0.7161249881678985,0.3333333333333333,0.7994583215012319,0.0,1.0,0.0
39.900000000000006,compartilhado,0.7149963626694603,0.3333333333333333,0.7983296960027937,0.0,1.0,0.0
0.0,ratificado,0.07883826986690814,0.0,0.07883826986690814,0.0,0.0,0.0
0.1,ratificado,0.07948687175462847,0.0,0.07948687175462847,0.0,0.0,0.0
0.2,ratificado,0.08016552887212404,0.0,0.08016552887212404,0.0,0.0,0.0
0.30000000000000004,ratificado,0.08087894129600859,0.0,0.08087894129600859,0.0,0.0,0.0
0.4,ratificado,0.08160523870698881,0.0,0.08160523870698881,0.0,0.0,0.0
0.5,ratificado,0.5120460782865166,0.0,0.5120460782865166,0.0,0.0,0.0
0.6000000000000001,ratificado,0.48624039138267666,0.0,0.48624039138267666,0.0,0.0,0.0
0.7000000000000001,ratificado,0.5031933044196999,0.0,0.5031933044196999,0.0,0.0,0.0
0.8,ratificado,0.5162962015961569,0.0,0.5162962015961569,0.0,0.0,0.0
0.9,ratificado,0.5247392508830724,0.0,0.5247392508830724,0.0,0.0,0.0
1.0,ratificado,0.5288095012424958,0.0,0.5288095012424958,0.0,0.0,0.0
1.1,ratificado,0.5339251181293067,0.0,0.5339251181293067,0.0,0.0,0.0
1.2000000000000002,ratificado,0.5343030226786762,0.0,0.5343030226786762,0.0,0.0,0.0
1.3,ratificado,0.5377471212208607,0.0,0.5377471212208607,0.0,0.0,0.0
1.4000000000000001,ratificado,0.5393938277972415,0.0,0.5393938277972415,0.0,0.0,0.0
1.5,ratificado,0.5381976476749083,0.0,0.5381976476749083,0.0,0.0,0.0
1.6,ratificado,0.5349751913004678,0.0,0.5349751913004678,0.0,0.0,0.0
1.7000000000000002,ratificado,0.5297283460189268,0.0,0.5297283460189268,0.0,0.0,0.0
1.8,ratificado,0.52583389611695,0.0,0.52583389611695,0.0,0.0,0.0
1.9000000000000001,ratificado,0.5259614097762618,0.0,0.5259614097762618,0.0,0.0,0.0
2.0,ratificado,0.5237335234886866,0.0,0.5237335234886866,0.0,0.0,0.0
2.1,ratificado,0.5165601155988689,0.0,0.5165601155988689,0.0,0.0,0.0
2.2,ratificado,0.49424457133856486,0.0,0.49424457133856486,0.0,0.0,0.0
2.3000000000000003,ratificado,0.49999271907652326,0.0,0.49999271907652326,0.0,0.0,0.0
2.4000000000000004,ratificado,0.49844811739385864,0.0,0.49844811739385864,0.0,0.0,0.0
2.5,ratificado,0.5150178625570834,0.0,0.5150178625570834,0.0,0.0,0.0
2.6,ratificado,0.5083981699670193,0.0,0.5083981699670193,0.0,0.0,0.0
2.7,ratificado,0.5102703342009922,0.0,0.5102703342009922,0.0,0.0,0.0
2.8000000000000003,ratificado,0.510419055877852,0.0,0.510419055877852,0.0,0.0,0.0
2.9000000000000004,ratificado,0.5165966573771121,0.0,0.5165966573771121,0.0,0.0,0.0
3.0,ratificado,0.5188011755501151,0.0,0.5188011755501151,0.0,0.0,0.0
3.1,ratificado,0.5132478169085734,0.0,0.5132478169085734,0.0,0.0,0.0
3.2,ratificado,0.5098559781722503,0.0,0.5098559781722503,0.0,0.0,0.0
3.3000000000000003,ratificado,0.5118168122011244,0.0,0.5118168122011244,0.0,0.0,0.0
3.4000000000000004,ratificado,0.5195912921529168,0.0,0.5195912921529168,0.0,0.0,0.0
3.5,ratificado,0.5219305829266566,0.0,0.5219305829266566,0.0,0.0,0.0
3.6,ratificado,0.5119477905304574,0.0,0.5119477905304574,0.0,0.0,0.0
3.7,ratificado,0.5029329941157205,0.0,0.5029329941157205,0.0,0.0,0.0
3.8000000000000003,ratificado,0.4953605320203996,0.0,0.4953605320203996,0.0,0.0,0.0
3.9000000000000004,ratificado,0.4946958005652891,0.0,0.4946958005652891,0.0,0.0,0.0
4.0,ratificado,0.4824015621567686,0.0,0.4824015621567686,0.0,0.0,0.0
4.1000000000000005,ratificado,0.4955762927682354,0.0,0.4955762927682354,0.0,0.0,0.0
4.2,ratificado,0.5183464269431833,0.0,0.5183464269431833,0.0,0.0,0.0
4.3,ratificado,0.53415740617964,0.0,0.53415740617964,0.0,0.0,0.0
4.4,ratificado,0.5539843412935036,0.0,0.5539843412935036,0.0,0.0,0.0
4.5,ratificado,0.566150643397025,0.0,0.566150643397025,0.0,0.0,0.0
4.6000000000000005,ratificado,0.5766927427433474,0.0,0.5766927427433474,0.0,0.0,0.0
4.7,ratificado,0.5815293181458975,0.0,0.5815293181458975,0.0,0.0,0.0
4.800000000000001,ratificado,0.5802659854563813,0.0,0.5802659854563813,0.0,0.0,0.0
4.9,ratificado,0.5783673016712245,0.0,0.5783673016712245,0.0,0.0,0.0
5.0,ratificado,0.5853488268427688,0.0,0.5853488268427688,0.0,0.0,0.0
5.1000000000000005,ratificado,0.5937265572407214,0.0,0.5937265572407214,0.0,0.0,0.0
5.2,ratificado,0.5954582281894877,0.0,0.5954582281894877,0.0,0.0,0.0
5.300000000000001,ratificado,0.5851481089600378,0.0,0.5851481089600378,0.0,0.0,0.0
5.4,ratificado,0.5656791209108692,0.0,0.5656791209108692,0.0,0.0,0.0
5.5,ratificado,0.5558277955928078,0.0,0.5558277955928078,0.0,0.0,0.0
5.6000000000000005,ratificado,0.5529751950361617,0.0,0.5529751950361617,0.0,0.0,0.0
5.7,ratificado,0.568047311042795,0.0,0.568047311042795,0.0,0.0,0.0
5.800000000000001,ratificado,0.5776286383721204,0.0,0.5776286383721204,0.0,0.0,0.0
5.9,ratificado,0.5747884679784183,0.0,0.5747884679784183,0.0,0.0,0.0
6.0,ratificado,0.5685210461420882,0.0,0.5685210461420882,0.0,0.0,0.0
6.1000000000000005,ratificado,0.5687723116288206,0.0,0.5687723116288206,0.0,0.0,0.0
6.2,ratificado,0.564583130871852,0.0,0.564583130871852,0.0,0.0,0.0
6.300000000000001,ratificado,0.5573249563532556,0.0,0.5573249563532556,0.0,0.0,0.0
6.4,ratificado,0.55512454052451,0.0,0.55512454052451,0.0,0.0,0.0
6.5,ratificado,0.555532812106605,0.0,0.555532812106605,0.0,0.0,0.0
6.6000000000000005,ratificado,0.549884037840663,0.0,0.549884037840663,0.0,0.0,0.0
6.7,ratificado,0.5477450777541807,0.0,0.5477450777541807,0.0,0.0,0.0
6.800000000000001,ratificado,0.5631661326943297,0.0,0.5631661326943297,0.0,0.0,0.0
6.9,ratificado,0.5725231677999884,0.0,0.5725231677999884,0.0,0.0,0.0
7.0,ratificado,0.5748313033710505,0.0,0.5748313033710505,0.0,0.0,0.0
7.1000000000000005,ratificado,0.5850925791817511,0.0,0.5850925791817511,0.0,0.0,0.0
7.2,ratificado,0.5982444768257239,0.0,0.5982444768257239,0.0,0.0,0.0
7.300000000000001,ratificado,0.6072169987396485,0.0,0.6072169987396485,0.0,0.0,0.0
7.4,ratificado,0.6095185930076682,0.0,0.6095185930076682,0.0,0.0,0.0
7.5,ratificado,0.6077509663218239,0.0,0.6077509663218239,0.0,0.0,0.0
7.6000000000000005,ratificado,0.6000112383776525,0.0,0.6000112383776525,0.0,0.0,0.0
7.7,ratificado,0.5920868436960429,0.0,0.5920868436960429,0.0,0.0,0.0
7.800000000000001,ratificado,0.590959881045551,0.0,0.590959881045551,0.0,0.0,0.0
7.9,ratificado,0.5910412939123557,0.0,0.5910412939123557,0.0,0.0,0.0
8.0,ratificado,0.5962166192320701,0.1111111111111111,0.6239943970098479,0.0,0.3333333333333333,0.0
8.1,ratificado,0.6025669451423085,0.33333333333333337,0.6859002784756418,0.5,0.3333333333333333,0.16666666666666666
8.200000000000001,ratificado,0.6050083552935223,0.33333333333333337,0.6883416886268556,0.5,0.3333333333333333,0.16666666666666666
8.3,ratificado,0.6012523080523878,0.3888888888888889,0.69847453027461,0.5,0.3333333333333333,0.3333333333333333
8.4,ratificado,0.5906542734332442,0.3888888888888889,0.6878764956554664,0.5,0.3333333333333333,0.3333333333333333
8.5,ratificado,0.5677983937048647,0.3888888888888889,0.6650206159270869,0.5,0.3333333333333333,0.3333333333333333
8.6,ratificado,0.5565124762775332,0.4444444444444444,0.6676235873886442,0.5,0.5,0.3333333333333333
8.700000000000001,ratificado,0.560648411878637,0.4444444444444444,0.6717595229897482,0.5,0.5,0.3333333333333333
8.8,ratificado,0.5676733867449015,0.4444444444444444,0.6787844978560127,0.5,0.5,0.3333333333333333
8.9,ratificado,0.5808098563615268,0.4444444444444444,0.6919209674726379,0.5,0.5,0.3333333333333333
9.0,ratificado,0.5843221356617506,0.4444444444444444,0.6954332467728617,0.5,0.5,0.3333333333333333
9.1,ratificado,0.5854285066541031,0.49999999999999994,0.7104285066541031,0.5,0.6666666666666666,0.3333333333333333
9.200000000000001,ratificado,0.5844527976800081,0.5555555555555556,0.7233416865688971,0.5,0.8333333333333334,0.3333333333333333
9.3,ratificado,0.5791602989921004,0.5555555555555556,0.7180491878809894,0.5,0.8333333333333334,0.3333333333333333
9.4,ratificado,0.574896724033939,0.5555555555555556,0.7137856129228279,0.5,0.8333333333333334,0.3333333333333333
9.5,ratificado,0.5669137647298509,0.5555555555555556,0.7058026536187398,0.5,0.8333333333333334,0.3333333333333333
9.600000000000001,ratificado,0.5664665742606335,0.5555555555555556,0.7053554631495225,0.5,0.8333333333333334,0.3333333333333333
9.700000000000001,ratificado,0.5714234988935819,0.5555555555555556,0.7103123877824709,0.5,0.8333333333333334,0.3333333333333333
9.8,ratificado,0.567463599034169,0.5555555555555556,0.7063524879230578,0.5,0.8333333333333334,0.3333333333333333
9.9,ratificado,0.5635548062664562,0.5555555555555556,0.702443695155345,0.5,0.8333333333333334,0.3333333333333333
10.0,ratificado,0.5627253524186094,0.5555555555555556,0.7016142413074984,0.5,0.8333333333333334,0.3333333333333333
10.100000000000001,ratificado,0.5534265547832518,0.5555555555555556,0.6923154436721406,0.5,0.8333333333333334,0.3333333333333333
10.200000000000001,ratificado,0.5593956721168326,0.5555555555555556,0.6982845610057216,0.5,0.8333333333333334,0.3333333333333333
10.3,ratificado,0.5654861406721846,0.5555555555555556,0.7043750295610736,0.5,0.8333333333333334,0.3333333333333333
10.4,ratificado,0.5718122531142156,0.611111111111111,0.7245900308919934,0.5,0.8333333333333334,0.5
10.5,ratificado,0.5763340439939092,0.611111111111111,0.729111821771687,0.5,0.8333333333333334,0.5
10.600000000000001,ratificado,0.5735452012779368,0.611111111111111,0.7263229790557146,0.5,0.8333333333333334,0.5
10.700000000000001,ratificado,0.5682423042288106,0.611111111111111,0.7210200820065884,0.5,0.8333333333333334,0.5
10.8,ratificado,0.5805641119578308,0.611111111111111,0.7333418897356085,0.5,0.8333333333333334,0.5
10.9,ratificado,0.5836318437345208,0.611111111111111,0.7364096215122986,0.5,0.8333333333333334,0.5
11.0,ratificado,0.5884475330569477,0.611111111111111,0.7412253108347255,0.5,0.8333333333333334,0.5
11.100000000000001,ratificado,0.5992918589381567,0.611111111111111,0.7520696367159345,0.5,0.8333333333333334,0.5
11.200000000000001,ratificado,0.6074922121475251,0.611111111111111,0.7602699899253029,0.5,0.8333333333333334,0.5
11.3,ratificado,0.6115424130329131,0.611111111111111,0.7643201908106909,0.5,0.8333333333333334,0.5
11.4,ratificado,0.6222080682207315,0.611111111111111,0.7749858459985093,0.5,0.8333333333333334,0.5
11.5,ratificado,0.6289284513621402,0.611111111111111,0.7817062291399179,0.5,0.8333333333333334,0.5
11.600000000000001,ratificado,0.6335411684620619,0.611111111111111,0.7863189462398397,0.5,0.8333333333333334,0.5
11.700000000000001,ratificado,0.6344750507811056,0.611111111111111,0.7872528285588833,0.5,0.8333333333333334,0.5
11.8,ratificado,0.6321751766782046,0.611111111111111,0.7849529544559823,0.5,0.8333333333333334,0.5
11.9,ratificado,0.630080732333883,0.611111111111111,0.7828585101116607,0.5,0.8333333333333334,0.5
12.0,ratificado,0.6310435228480862,0.6666666666666666,0.7977101895147528,0.5,0.8333333333333334,0.6666666666666666
12.100000000000001,ratificado,0.6319654049189184,0.6666666666666666,0.798632071585585,0.5,0.8333333333333334,0.6666666666666666
12.200000000000001,ratificado,0.6341227438879393,0.888888888888889,0.8563449661101615,1.0,0.8333333333333334,0.8333333333333334
12.3,ratificado,0.6286640496711641,0.888888888888889,0.8508862718933863,1.0,0.8333333333333334,0.8333333333333334
12.4,ratificado,0.6181226392923321,0.888888888888889,0.8403448615145543,1.0,0.8333333333333334,0.8333333333333334
12.5,ratificado,0.6094692520647724,0.888888888888889,0.8316914742869946,1.0,0.8333333333333334,0.8333333333333334
12.600000000000001,ratificado,0.607229610018012,0.888888888888889,0.8294518322402342,1.0,0.8333333333333334,0.8333333333333334
12.700000000000001,ratificado,0.6141105667095443,0.9444444444444444,0.8502216778206555,1.0,1.0,0.8333333333333334
12.8,ratificado,0.6171733203266788,0.9444444444444444,0.8532844314377899,1.0,1.0,0.8333333333333334
12.9,ratificado,0.6156441953488574,0.9444444444444444,0.8517553064599686,1.0,1.0,0.8333333333333334
13.0,ratificado,0.6092678137902999,0.9444444444444444,0.845378924901411,1.0,1.0,0.8333333333333334
13.100000000000001,ratificado,0.6046601157327048,0.9444444444444444,0.8407712268438159,1.0,1.0,0.8333333333333334
13.200000000000001,ratificado,0.6044822657919059,0.9444444444444444,0.8405933769030169,1.0,1.0,0.8333333333333334
13.3,ratificado,0.6022124422219312,0.9444444444444444,0.8383235533330422,1.0,1.0,0.8333333333333334
13.4,ratificado,0.5953805146939494,0.9444444444444444,0.8314916258050604,1.0,1.0,0.8333333333333334
13.5,ratificado,0.596362338241334,0.9444444444444444,0.832473449352445,1.0,1.0,0.8333333333333334
13.600000000000001,ratificado,0.6023774114114483,0.9444444444444444,0.8384885225225593,1.0,1.0,0.8333333333333334
13.700000000000001,ratificado,0.6026486945573025,0.9444444444444444,0.8387598056684136,1.0,1.0,0.8333333333333334
13.8,ratificado,0.6012684234932187,1.0,0.8512684234932187,1.0,1.0,1.0
13.9,ratificado,0.6022015451153956,1.0,0.8522015451153956,1.0,1.0,1.0
14.0,ratificado,0.5996212935468712,1.0,0.8496212935468712,1.0,1.0,1.0
14.100000000000001,ratificado,0.6084555511682733,1.0,0.8584555511682733,1.0,1.0,1.0
14.200000000000001,ratificado,0.6137715830027071,1.0,0.8637715830027071,1.0,1.0,1.0
14.3,ratificado,0.615651657178843,1.0,0.865651657178843,1.0,1.0,1.0
14.4,ratificado,0.6201798739098426,1.0,0.8701798739098426,1.0,1.0,1.0
14.5,ratificado,0.6231925381003729,1.0,0.8731925381003729,1.0,1.0,1.0
14.600000000000001,ratificado,0.6218197826857307,1.0,0.8718197826857307,1.0,1.0,1.0
14.700000000000001,ratificado,0.6165874748303836,1.0,0.8665874748303836,1.0,1.0,1.0
14.8,ratificado,0.5985528705134587,1.0,0.8485528705134587,1.0,1.0,1.0
14.9,ratificado,0.6008363262267115,1.0,0.8508363262267115,1.0,1.0,1.0
15.0,ratificado,0.6163232785152645,1.0,0.8663232785152645,1.0,1.0,1.0
15.100000000000001,ratificado,0.6227517716461257,1.0,0.8727517716461257,1.0,1.0,1.0
15.200000000000001,ratificado,0.6176109416996375,1.0,0.8676109416996375,1.0,1.0,1.0
15.3,ratificado,0.6145727115277618,1.0,0.8645727115277618,1.0,1.0,1.0
15.4,ratificado,0.6344632507825217,1.0,0.8844632507825217,1.0,1.0,1.0
15.5,ratificado,0.6442731707281885,1.0,0.8942731707281885,1.0,1.0,1.0
15.600000000000001,ratificado,0.6452829932662784,1.0,0.8952829932662784,1.0,1.0,1.0
15.700000000000001,ratificado,0.6396907842595444,1.0,0.8896907842595444,1.0,1.0,1.0
15.8,ratificado,0.6324609658037618,1.0,0.8824609658037618,1.0,1.0,1.0
15.9,ratificado,0.6307641790061297,1.0,0.8807641790061297,1.0,1.0,1.0
16.0,ratificado,0.6287261370508151,1.0,0.8787261370508151,1.0,1.0,1.0
16.1,ratificado,0.6302612643191429,1.0,0.8802612643191429,1.0,1.0,1.0
16.2,ratificado,0.6337016362190421,1.0,0.8837016362190421,1.0,1.0,1.0
16.3,ratificado,0.6315706812437233,1.0,0.8815706812437233,1.0,1.0,1.0
16.400000000000002,ratificado,0.6196386167469833,1.0,0.8696386167469833,1.0,1.0,1.0
16.5,ratificado,0.6261743187745278,1.0,0.8761743187745278,1.0,1.0,1.0
16.6,ratificado,0.6306066653682897,1.0,0.8806066653682897,1.0,1.0,1.0
16.7,ratificado,0.630568224717584,1.0,0.880568224717584,1.0,1.0,1.0
16.8,ratificado,0.6316655981697034,1.0,0.8816655981697034,1.0,1.0,1.0
16.900000000000002,ratificado,0.6337833559600649,1.0,0.8837833559600649,1.0,1.0,1.0
17.0,ratificado,0.6401420032473009,1.0,0.8901420032473009,1.0,1.0,1.0
17.1,ratificado,0.6422506612748595,1.0,0.8922506612748595,1.0,1.0,1.0
17.2,ratificado,0.6435519281765384,1.0,0.8935519281765384,1.0,1.0,1.0
17.3,ratificado,0.6401661081649931,1.0,0.8901661081649931,1.0,1.0,1.0
17.400000000000002,ratificado,0.6458431027048733,1.0,0.8958431027048733,1.0,1.0,1.0
17.5,ratificado,0.6458614738131577,1.0,0.8958614738131577,1.0,1.0,1.0
17.6,ratificado,0.6418388484276225,1.0,0.8918388484276225,1.0,1.0,1.0
17.7,ratificado,0.6322391776050528,1.0,0.8822391776050528,1.0,1.0,1.0
17.8,ratificado,0.616418053561338,1.0,0.866418053561338,1.0,1.0,1.0
17.900000000000002,ratificado,0.6182717528035079,1.0,0.8682717528035079,1.0,1.0,1.0
18.0,ratificado,0.6316666947169816,1.0,0.8816666947169816,1.0,1.0,1.0
18.1,ratificado,0.6416181114083831,1.0,0.8916181114083831,1.0,1.0,1.0
18.2,ratificado,0.6509012049094728,1.0,0.9009012049094728,1.0,1.0,1.0
18.3,ratificado,0.6599487711984162,1.0,0.9099487711984162,1.0,1.0,1.0
18.400000000000002,ratificado,0.667067447218384,1.0,0.917067447218384,1.0,1.0,1.0
18.5,ratificado,0.6698983092846406,1.0,0.9198983092846406,1.0,1.0,1.0
18.6,ratificado,0.6697626992359091,1.0,0.9197626992359091,1.0,1.0,1.0
18.7,ratificado,0.6768432253996153,1.0,0.9268432253996153,1.0,1.0,1.0
18.8,ratificado,0.6815450582961038,1.0,0.9315450582961038,1.0,1.0,1.0
18.900000000000002,ratificado,0.6844430115306923,1.0,0.9344430115306923,1.0,1.0,1.0
19.0,ratificado,0.6833990634685225,1.0,0.9333990634685225,1.0,1.0,1.0
19.1,ratificado,0.6742517527041926,1.0,0.9242517527041926,1.0,1.0,1.0
19.200000000000003,ratificado,0.6613391160177297,1.0,0.9113391160177297,1.0,1.0,1.0
19.3,ratificado,0.6481019779843556,1.0,0.8981019779843556,1.0,1.0,1.0
19.400000000000002,ratificado,0.6391073720386377,1.0,0.8891073720386377,1.0,1.0,1.0
19.5,ratificado,0.6331673592117916,1.0,0.8831673592117916,1.0,1.0,1.0
19.6,ratificado,0.6286749145312382,1.0,0.8786749145312382,1.0,1.0,1.0
19.700000000000003,ratificado,0.6278675750312545,1.0,0.8778675750312545,1.0,1.0,1.0
19.8,ratificado,0.6268429628033553,1.0,0.8768429628033553,1.0,1.0,1.0
19.900000000000002,ratificado,0.6186865326140077,1.0,0.8686865326140077,1.0,1.0,1.0
20.0,ratificado,0.615991047779293,1.0,0.865991047779293,1.0,1.0,1.0
20.1,ratificado,0.622978501997283,1.0,0.872978501997283,1.0,1.0,1.0
20.200000000000003,ratificado,0.6258311084895257,1.0,0.8758311084895257,1.0,1.0,1.0
20.3,ratificado,0.6249420971073402,1.0,0.8749420971073402,1.0,1.0,1.0
20.400000000000002,ratificado,0.6145023763598231,1.0,0.8645023763598231,1.0,1.0,1.0
20.5,ratificado,0.6118201097828528,1.0,0.8618201097828528,1.0,1.0,1.0
20.6,ratificado,0.6211678180958767,1.0,0.8711678180958767,1.0,1.0,1.0
20.700000000000003,ratificado,0.6288850783818457,1.0,0.8788850783818457,1.0,1.0,1.0
20.8,ratificado,0.6296761474310292,1.0,0.8796761474310292,1.0,1.0,1.0
20.900000000000002,ratificado,0.6271581411729316,1.0,0.8771581411729316,1.0,1.0,1.0
21.0,ratificado,0.6287894161606825,1.0,0.8787894161606825,1.0,1.0,1.0
21.1,ratificado,0.6387105049451474,1.0,0.8887105049451474,1.0,1.0,1.0
21.200000000000003,ratificado,0.637732335282152,1.0,0.887732335282152,1.0,1.0,1.0
21.3,ratificado,0.6315790527052186,1.0,0.8815790527052186,1.0,1.0,1.0
21.400000000000002,ratificado,0.6218935680236776,1.0,0.8718935680236776,1.0,1.0,1.0
21.5,ratificado,0.6312178916414393,1.0,0.8812178916414393,1.0,1.0,1.0
21.6,ratificado,0.6457722045004638,1.0,0.8957722045004638,1.0,1.0,1.0
21.700000000000003,ratificado,0.656231103566586,1.0,0.906231103566586,1.0,1.0,1.0
21.8,ratificado,0.6620606853805899,1.0,0.9120606853805899,1.0,1.0,1.0
21.900000000000002,ratificado,0.6690599821729588,1.0,0.9190599821729588,1.0,1.0,1.0
22.0,ratificado,0.6679014542459282,1.0,0.9179014542459282,1.0,1.0,1.0
22.1,ratificado,0.6580328754099362,1.0,0.9080328754099362,1.0,1.0,1.0
22.200000000000003,ratificado,0.6536086194977672,1.0,0.9036086194977672,1.0,1.0,1.0
22.3,ratificado,0.6552039716309331,1.0,0.9052039716309331,1.0,1.0,1.0
22.400000000000002,ratificado,0.6650896272078047,1.0,0.9150896272078047,1.0,1.0,1.0
22.5,ratificado,0.6710804617125024,1.0,0.9210804617125024,1.0,1.0,1.0
22.6,ratificado,0.6769569920299113,1.0,0.9269569920299113,1.0,1.0,1.0
22.700000000000003,ratificado,0.6737148348855356,1.0,0.9237148348855356,1.0,1.0,1.0
22.8,ratificado,0.665933863436512,1.0,0.915933863436512,1.0,1.0,1.0
22.900000000000002,ratificado,0.6697293492422873,1.0,0.9197293492422873,1.0,1.0,1.0
23.0,ratificado,0.6742501039558421,1.0,0.9242501039558421,1.0,1.0,1.0
23.1,ratificado,0.6805534948436455,1.0,0.9305534948436455,1.0,1.0,1.0
23.200000000000003,ratificado,0.6782722750071074,1.0,0.9282722750071074,1.0,1.0,1.0
23.3,ratificado,0.6723937082967543,1.0,0.9223937082967543,1.0,1.0,1.0
23.400000000000002,ratificado,0.6698126869174056,1.0,0.9198126869174056,1.0,1.0,1.0
23.5,ratificado,0.6658036157843704,1.0,0.9158036157843704,1.0,1.0,1.0
23.6,ratificado,0.6597669641438834,1.0,0.9097669641438834,1.0,1.0,1.0
23.700000000000003,ratificado,0.6534638889273098,1.0,0.9034638889273098,1.0,1.0,1.0
23.8,ratificado,0.6500046725378735,1.0,0.9000046725378735,1.0,1.0,1.0
23.900000000000002,ratificado,0.6491749189661148,1.0,0.8991749189661148,1.0,1.0,1.0
24.0,ratificado,0.6461418846281239,1.0,0.8961418846281239,1.0,1.0,1.0
24.1,ratificado,0.6401141689558213,1.0,0.8901141689558213,1.0,1.0,1.0
24.200000000000003,ratificado,0.6421197092645867,1.0,0.8921197092645867,1.0,1.0,1.0
24.3,ratificado,0.648136055388358,1.0,0.898136055388358,1.0,1.0,1.0
24.400000000000002,ratificado,0.6533669681953115,1.0,0.9033669681953115,1.0,1.0,1.0
24.5,ratificado,0.6535867328422942,1.0,0.9035867328422942,1.0,1.0,1.0
24.6,ratificado,0.645462883892653,1.0,0.895462883892653,1.0,1.0,1.0
24.700000000000003,ratificado,0.6336569481102372,1.0,0.8836569481102372,1.0,1.0,1.0
24.8,ratificado,0.6294328770688468,1.0,0.8794328770688468,1.0,1.0,1.0
24.900000000000002,ratificado,0.6430232222256026,1.0,0.8930232222256026,1.0,1.0,1.0
25.0,ratificado,0.6573552297744386,1.0,0.9073552297744386,1.0,1.0,1.0
25.1,ratificado,0.6657041694296798,1.0,0.9157041694296798,1.0,1.0,1.0
25.200000000000003,ratificado,0.6633609528342216,1.0,0.9133609528342216,1.0,1.0,1.0
25.3,ratificado,0.6620997866107249,1.0,0.9120997866107249,1.0,1.0,1.0
25.400000000000002,ratificado,0.6682256973993158,1.0,0.9182256973993158,1.0,1.0,1.0
25.5,ratificado,0.6629876137391398,1.0,0.9129876137391398,1.0,1.0,1.0
25.6,ratificado,0.6540168431264729,1.0,0.9040168431264729,1.0,1.0,1.0
25.700000000000003,ratificado,0.6624473686169602,1.0,0.9124473686169602,1.0,1.0,1.0
25.8,ratificado,0.6684448287939883,1.0,0.9184448287939883,1.0,1.0,1.0
25.900000000000002,ratificado,0.6664629342922771,1.0,0.9164629342922771,1.0,1.0,1.0
26.0,ratificado,0.6594312476339094,1.0,0.9094312476339094,1.0,1.0,1.0
26.1,ratificado,0.6565112795085177,1.0,0.9065112795085177,1.0,1.0,1.0
26.200000000000003,ratificado,0.6548964472515139,1.0,0.9048964472515139,1.0,1.0,1.0
26.3,ratificado,0.6464985761266514,1.0,0.8964985761266514,1.0,1.0,1.0
26.400000000000002,ratificado,0.6364465473479587,1.0,0.8864465473479587,1.0,1.0,1.0
26.5,ratificado,0.6261221292629581,1.0,0.8761221292629581,1.0,1.0,1.0
26.6,ratificado,0.6286610215001812,1.0,0.8786610215001812,1.0,1.0,1.0
26.700000000000003,ratificado,0.6351496540732748,1.0,0.8851496540732748,1.0,1.0,1.0
26.8,ratificado,0.6328318434937074,1.0,0.8828318434937074,1.0,1.0,1.0
26.900000000000002,ratificado,0.6334795510932174,1.0,0.8834795510932174,1.0,1.0,1.0
27.0,ratificado,0.6292420259146189,1.0,0.8792420259146189,1.0,1.0,1.0
27.1,ratificado,0.6235561043734438,1.0,0.8735561043734438,1.0,1.0,1.0
27.200000000000003,ratificado,0.6284154829284996,1.0,0.8784154829284996,1.0,1.0,1.0
27.3,ratificado,0.6365462304376245,1.0,0.8865462304376245,1.0,1.0,1.0
27.400000000000002,ratificado,0.642242617586518,1.0,0.892242617586518,1.0,1.0,1.0
27.5,ratificado,0.653813782280953,1.0,0.903813782280953,1.0,1.0,1.0
27.6,ratificado,0.6618937039493454,1.0,0.9118937039493454,1.0,1.0,1.0
27.700000000000003,ratificado,0.6642169888220649,1.0,0.9142169888220649,1.0,1.0,1.0
27.8,ratificado,0.6636266566613388,1.0,0.9136266566613388,1.0,1.0,1.0
27.900000000000002,ratificado,0.6568201988158294,1.0,0.9068201988158294,1.0,1.0,1.0
28.0,ratificado,0.6511106128013149,1.0,0.9011106128013149,1.0,1.0,1.0
28.1,ratificado,0.6387333749474671,1.0,0.8887333749474671,1.0,1.0,1.0
28.200000000000003,ratificado,0.6429325103013516,1.0,0.8929325103013516,1.0,1.0,1.0
28.3,ratificado,0.6530285131116322,1.0,0.9030285131116322,1.0,1.0,1.0
28.400000000000002,ratificado,0.6675076815006626,1.0,0.9175076815006626,1.0,1.0,1.0
28.5,ratificado,0.6750254503849326,1.0,0.9250254503849326,1.0,1.0,1.0
28.6,ratificado,0.6747906890775998,1.0,0.9247906890775998,1.0,1.0,1.0
28.700000000000003,ratificado,0.6770759048660554,1.0,0.9270759048660554,1.0,1.0,1.0
28.8,ratificado,0.6899484198072345,1.0,0.9399484198072345,1.0,1.0,1.0
28.900000000000002,ratificado,0.6868983006419284,1.0,0.9368983006419284,1.0,1.0,1.0
29.0,ratificado,0.6885035002264611,1.0,0.9385035002264611,1.0,1.0,1.0
29.1,ratificado,0.6793492836014351,1.0,0.9293492836014351,1.0,1.0,1.0
29.200000000000003,ratificado,0.665231650788955,1.0,0.915231650788955,1.0,1.0,1.0
29.3,ratificado,0.6647929619232227,1.0,0.9147929619232227,1.0,1.0,1.0
29.400000000000002,ratificado,0.6688505139580533,1.0,0.9188505139580533,1.0,1.0,1.0
29.5,ratificado,0.6779233911710568,1.0,0.9279233911710568,1.0,1.0,1.0
29.6,ratificado,0.6817380594624926,1.0,0.9317380594624926,1.0,1.0,1.0
29.700000000000003,ratificado,0.6778685916383504,1.0,0.9278685916383504,1.0,1.0,1.0
29.8,ratificado,0.6669379384827817,1.0,0.9169379384827817,1.0,1.0,1.0
29.900000000000002,ratificado,0.6613618113535764,1.0,0.9113618113535764,1.0,1.0,1.0
30.0,ratificado,0.6601880578287463,1.0,0.9101880578287463,1.0,1.0,1.0
30.1,ratificado,0.6531125930152611,1.0,0.9031125930152611,1.0,1.0,1.0
30.200000000000003,ratificado,0.6514577868738969,1.0,0.9014577868738969,1.0,1.0,1.0
30.3,ratificado,0.6598650139582994,1.0,0.9098650139582994,1.0,1.0,1.0
30.400000000000002,ratificado,0.6588064356616578,1.0,0.9088064356616578,1.0,1.0,1.0
30.5,ratificado,0.6513483905567169,1.0,0.9013483905567169,1.0,1.0,1.0
30.6,ratificado,0.6522096579894302,1.0,0.9022096579894302,1.0,1.0,1.0
30.700000000000003,ratificado,0.6478900918248794,1.0,0.8978900918248794,1.0,1.0,1.0
30.8,ratificado,0.6513299200733645,1.0,0.9013299200733645,1.0,1.0,1.0
30.900000000000002,ratificado,0.6485794773775403,1.0,0.8985794773775403,1.0,1.0,1.0
31.0,ratificado,0.6420377212898897,1.0,0.8920377212898897,1.0,1.0,1.0
31.1,ratificado,0.6342185009059651,1.0,0.8842185009059651,1.0,1.0,1.0
31.200000000000003,ratificado,0.62929783337034,1.0,0.87929783337034,1.0,1.0,1.0
31.3,ratificado,0.6501524461180864,1.0,0.9001524461180864,1.0,1.0,1.0
31.400000000000002,ratificado,0.6565629805029546,1.0,0.9065629805029546,1.0,1.0,1.0
31.5,ratificado,0.6590919563693479,1.0,0.9090919563693479,1.0,1.0,1.0
31.6,ratificado,0.6534921206406786,1.0,0.9034921206406786,1.0,1.0,1.0
31.700000000000003,ratificado,0.6294409317479835,1.0,0.8794409317479835,1.0,1.0,1.0
31.8,ratificado,0.6203551827647508,1.0,0.8703551827647508,1.0,1.0,1.0
31.900000000000002,ratificado,0.6237413918404796,1.0,0.8737413918404796,1.0,1.0,1.0
32.0,ratificado,0.6303526101488289,1.0,0.8803526101488289,1.0,1.0,1.0
32.1,ratificado,0.6368225607248418,1.0,0.8868225607248418,1.0,1.0,1.0
32.2,ratificado,0.6462610535398249,1.0,0.8962610535398249,1.0,1.0,1.0
32.300000000000004,ratificado,0.6615110978394297,1.0,0.9115110978394297,1.0,1.0,1.0
32.4,ratificado,0.6785336101670337,1.0,0.9285336101670337,1.0,1.0,1.0
32.5,ratificado,0.6828977458854047,1.0,0.9328977458854047,1.0,1.0,1.0
32.6,ratificado,0.6832243809826924,1.0,0.9332243809826924,1.0,1.0,1.0
32.7,ratificado,0.6908406434729065,1.0,0.9408406434729065,1.0,1.0,1.0
32.800000000000004,ratificado,0.6914310210077336,1.0,0.9414310210077336,1.0,1.0,1.0
32.9,ratificado,0.6860696473299911,1.0,0.9360696473299911,1.0,1.0,1.0
33.0,ratificado,0.6921720317367347,1.0,0.9421720317367347,1.0,1.0,1.0
33.1,ratificado,0.6997456022394855,1.0,0.9497456022394855,1.0,1.0,1.0
33.2,ratificado,0.6974683050188308,1.0,0.9474683050188308,1.0,1.0,1.0
33.300000000000004,ratificado,0.6905823137551438,1.0,0.9405823137551438,1.0,1.0,1.0
33.4,ratificado,0.6799532328863177,1.0,0.9299532328863177,1.0,1.0,1.0
33.5,ratificado,0.6724268038738511,1.0,0.9224268038738511,1.0,1.0,1.0
33.6,ratificado,0.6663168293045131,1.0,0.9163168293045131,1.0,1.0,1.0
33.7,ratificado,0.6669217824353612,1.0,0.9169217824353612,1.0,1.0,1.0
33.800000000000004,ratificado,0.6602953107942017,1.0,0.9102953107942017,1.0,1.0,1.0
33.9,ratificado,0.652186608733672,1.0,0.902186608733672,1.0,1.0,1.0
34.0,ratificado,0.6400300450333617,1.0,0.8900300450333617,1.0,1.0,1.0
34.1,ratificado,0.630057764192593,1.0,0.880057764192593,1.0,1.0,1.0
34.2,ratificado,0.6295292176339169,1.0,0.8795292176339169,1.0,1.0,1.0
34.300000000000004,ratificado,0.6329494742310052,1.0,0.8829494742310052,1.0,1.0,1.0
34.4,ratificado,0.6439110640341469,1.0,0.8939110640341469,1.0,1.0,1.0
34.5,ratificado,0.6509333905907169,1.0,0.9009333905907169,1.0,1.0,1.0
34.6,ratificado,0.6512459354784085,1.0,0.9012459354784085,1.0,1.0,1.0
34.7,ratificado,0.6461464426548743,1.0,0.8961464426548743,1.0,1.0,1.0
34.800000000000004,ratificado,0.6462360508438562,1.0,0.8962360508438562,1.0,1.0,1.0
34.9,ratificado,0.6503993296521225,1.0,0.9003993296521225,1.0,1.0,1.0
35.0,ratificado,0.6566660251255226,1.0,0.9066660251255226,1.0,1.0,1.0
35.1,ratificado,0.6647046793277706,1.0,0.9147046793277706,1.0,1.0,1.0
35.2,ratificado,0.6797357596889951,1.0,0.9297357596889951,1.0,1.0,1.0
35.300000000000004,ratificado,0.6869611199388421,1.0,0.9369611199388421,1.0,1.0,1.0
35.4,ratificado,0.6852370261432172,1.0,0.9352370261432172,1.0,1.0,1.0
35.5,ratificado,0.6784083348547304,1.0,0.9284083348547304,1.0,1.0,1.0
35.6,ratificado,0.6700179370429767,1.0,0.9200179370429767,1.0,1.0,1.0
35.7,ratificado,0.6895177039893664,1.0,0.9395177039893664,1.0,1.0,1.0
35.800000000000004,ratificado,0.7033039832232575,1.0,0.9533039832232575,1.0,1.0,1.0
35.9,ratificado,0.7083447707708931,1.0,0.9583447707708931,1.0,1.0,1.0
36.0,ratificado,0.7091091252061469,1.0,0.9591091252061469,1.0,1.0,1.0
36.1,ratificado,0.7096125517135561,1.0,0.9596125517135561,1.0,1.0,1.0
36.2,ratificado,0.7048579913503935,1.0,0.9548579913503935,1.0,1.0,1.0
36.300000000000004,ratificado,0.7032724523688373,1.0,0.9532724523688373,1.0,1.0,1.0
36.4,ratificado,0.6985213696788164,1.0,0.9485213696788164,1.0,1.0,1.0
36.5,ratificado,0.6938985350534508,1.0,0.9438985350534508,1.0,1.0,1.0
36.6,ratificado,0.6870491081200778,1.0,0.9370491081200778,1.0,1.0,1.0
36.7,ratificado,0.680041129126801,1.0,0.930041129126801,1.0,1.0,1.0
36.800000000000004,ratificado,0.6750822886134639,1.0,0.9250822886134639,1.0,1.0,1.0
36.9,ratificado,0.6653321131849382,1.0,0.9153321131849382,1.0,1.0,1.0
37.0,ratificado,0.6642031506230003,1.0,0.9142031506230003,1.0,1.0,1.0
37.1,ratificado,0.6701664833199898,1.0,0.9201664833199898,1.0,1.0,1.0
37.2,ratificado,0.666466188701535,1.0,0.916466188701535,1.0,1.0,1.0
37.300000000000004,ratificado,0.6584363176868225,1.0,0.9084363176868225,1.0,1.0,1.0
37.4,ratificado,0.6526230480597593,1.0,0.9026230480597593,1.0,1.0,1.0
37.5,ratificado,0.6474673623434684,1.0,0.8974673623434684,1.0,1.0,1.0
37.6,ratificado,0.6441209064780128,1.0,0.8941209064780128,1.0,1.0,1.0
37.7,ratificado,0.6450777972773856,1.0,0.8950777972773856,1.0,1.0,1.0
37.800000000000004,ratificado,0.6527324912505766,1.0,0.9027324912505766,1.0,1.0,1.0
37.9,ratificado,0.6580090450761569,1.0,0.9080090450761569,1.0,1.0,1.0
38.0,ratificado,0.6661544951825462,1.0,0.9161544951825462,1.0,1.0,1.0
38.1,ratificado,0.670288542604267,1.0,0.920288542604267,1.0,1.0,1.0
38.2,ratificado,0.6731337512360884,1.0,0.9231337512360884,1.0,1.0,1.0
38.300000000000004,ratificado,0.6740420052483015,1.0,0.9240420052483015,1.0,1.0,1.0
38.400000000000006,ratificado,0.6719234572009132,1.0,0.9219234572009132,1.0,1.0,1.0
38.5,ratificado,0.6761031260324591,1.0,0.9261031260324591,1.0,1.0,1.0
38.6,ratificado,0.66980836944798,1.0,0.91980836944798,1.0,1.0,1.0
38.7,ratificado,0.6651050148412363,1.0,0.9151050148412363,1.0,1.0,1.0
38.800000000000004,ratificado,0.6694065111448149,1.0,0.9194065111448149,1.0,1.0,1.0
38.900000000000006,ratificado,0.6735195239679787,1.0,0.9235195239679787,1.0,1.0,1.0
39.0,ratificado,0.6795111859191625,1.0,0.9295111859191625,1.0,1.0,1.0
39.1,ratificado,0.6891160073880523,1.0,0.9391160073880523,1.0,1.0,1.0
39.2,ratificado,0.7017728636636794,1.0,0.9517728636636794,1.0,1.0,1.0
39.300000000000004,ratificado,0.7089452904946073,1.0,0.9589452904946073,1.0,1.0,1.0
39.400000000000006,ratificado,0.7111474660425879,1.0,0.9611474660425879,1.0,1.0,1.0
39.5,ratificado,0.7132257508054378,1.0,0.9632257508054378,1.0,1.0,1.0
39.6,ratificado,0.7164314968486485,1.0,0.9664314968486485,1.0,1.0,1.0
39.7,ratificado,0.7149046241434466,1.0,0.9649046241434466,1.0,1.0,1.0
39.800000000000004,ratificado,0.7161249881678985,1.0,0.9661249881678985,1.0,1.0,1.0
39.900000000000006,ratificado,0.7149963626694603,1.0,0.9649963626694603,1.0,1.0,1.0
